-- phpMyAdmin SQL Dump
-- version 4.6.5.2
-- https://www.phpmyadmin.net/
--
-- Servidor: 127.0.0.1
-- Tiempo de generación: 05-04-2018 a las 17:19:29
-- Versión del servidor: 10.1.21-MariaDB
-- Versión de PHP: 5.6.30

SET SQL_MODE = "NO_AUTO_VALUE_ON_ZERO";
SET time_zone = "+00:00";


/*!40101 SET @OLD_CHARACTER_SET_CLIENT=@@CHARACTER_SET_CLIENT */;
/*!40101 SET @OLD_CHARACTER_SET_RESULTS=@@CHARACTER_SET_RESULTS */;
/*!40101 SET @OLD_COLLATION_CONNECTION=@@COLLATION_CONNECTION */;
/*!40101 SET NAMES utf8mb4 */;

--
-- Base de datos: `scale`
--

-- --------------------------------------------------------

--
-- Estructura de tabla para la tabla `beneficiarys`
--

CREATE TABLE `beneficiarys` (
  `rif` int(9) UNSIGNED ZEROFILL NOT NULL,
  `type_id` varchar(3) COLLATE utf8mb4_unicode_ci NOT NULL,
  `name` varchar(255) COLLATE utf8mb4_unicode_ci NOT NULL,
  `phone` varchar(255) COLLATE utf8mb4_unicode_ci NOT NULL,
  `created_at` timestamp NULL DEFAULT NULL,
  `updated_at` timestamp NULL DEFAULT NULL,
  `deleted_at` timestamp NULL DEFAULT NULL
) ENGINE=InnoDB DEFAULT CHARSET=utf8mb4 COLLATE=utf8mb4_unicode_ci;

--
-- Volcado de datos para la tabla `beneficiarys`
--

INSERT INTO `beneficiarys` (`rif`, `type_id`, `name`, `phone`, `created_at`, `updated_at`, `deleted_at`) VALUES
(000008280, 'J', 'ALCAVE VENEZUELA C.A.', '02854567356', '2017-03-21 04:36:57', '2017-04-26 21:56:14', NULL),
(000012345, 'J', 'PDVSA', '02850000000', '2017-04-08 03:45:53', '2017-04-08 03:45:53', NULL),
(000054321, 'J', 'AGA GAS', '02856598654', '2017-10-09 18:30:10', '2017-10-09 18:30:10', NULL),
(000111111, 'J', 'PATRIMONIO AUTONOMO FC FACELEC NIT', '02850000000', '2017-05-31 23:54:45', '2017-05-31 23:54:45', NULL),
(000830053, 'J', 'PATRIMONIO AUTONOMO FC FACELEC', '0285000000', '2017-07-04 18:40:15', '2017-07-04 18:40:15', NULL),
(000898740, 'J', 'ARALVEN, S.A.', '0285-0000000', '2017-04-07 03:39:00', '2017-04-07 03:56:04', NULL),
(001230726, 'J', 'PDVSA', '02850000000', '2018-03-15 17:53:20', '2018-03-15 17:53:20', NULL),
(001723172, 'J', 'HOCAIZ TRADING LIMITED', '00000000', '2017-08-21 21:08:19', '2017-08-21 21:08:19', NULL),
(089135610, 'J', 'CONSTRUCTORA WILLIANS RAMOS, F.P', '04268975483', '2017-03-17 00:08:21', '2017-03-17 00:08:21', NULL),
(200106263, 'J', 'SIDERURGICA DEL ORINOCO ALFREDO MANEIRO SIDOR, C.A.', '000000000', '2017-06-06 23:58:23', '2017-06-06 23:58:23', NULL),
(294704930, 'J', 'DISMELEC CENTROOCCIDENTE, C.A', '02850000000', '2017-05-29 20:14:54', '2017-05-29 20:14:54', NULL),
(295393032, 'J', 'ELECTRIMATIC C.A', '00000000', '2017-10-03 20:58:46', '2017-10-03 20:58:46', NULL),
(298275111, 'J', 'M & Z INGENIERIA, C.A', '00000000', '2017-08-11 23:13:17', '2017-08-11 23:13:17', NULL),
(302966922, 'J', 'SERVICIOS DE CARGA CARABOBO C.A., SERVICAR', '02850000000', '2017-05-02 16:07:13', '2017-05-02 16:07:13', NULL),
(303640699, 'J', 'INTERAMERICANA DE CABLES VENEZUELA S.A', '04265746890', '2017-04-21 22:18:05', '2017-04-21 22:18:05', NULL),
(304986440, 'J', 'SERVICIOS Y CONSTRUCCIONES INTELMA, C.A.', '02856756908', '2017-06-22 20:04:23', '2017-06-22 20:04:23', NULL),
(305787760, 'J', 'SUMINISTROS INDUSTRIALES DELTA C.A', '02850000000', '2018-02-27 21:26:37', '2018-02-27 21:26:37', NULL),
(306343202, 'J', 'CONDUCTORES DE ALUMINIO Y COBRE, COALCO C.A', '02850000000', '2017-04-28 19:49:50', '2017-04-28 19:49:50', NULL),
(306372849, 'J', 'GRAPAS AVIN C.A.', '00000000000', '2017-05-19 20:08:10', '2017-05-19 20:08:10', NULL),
(306387773, 'J', 'LINEAS ELECTRICAS DE OCCIDENTE C,A', '00000000', '2017-09-26 21:55:13', '2017-09-26 21:55:13', NULL),
(308414026, 'J', 'PROALUVEN, C.A.', '02852456189', '2017-06-01 00:15:37', '2017-06-01 00:15:37', NULL),
(308786950, 'J', 'ESTRUCTURAS FLOMETAL, C.A.', '02850000000', '2017-03-16 21:48:27', '2017-03-16 21:48:27', NULL),
(309473859, 'J', 'CHINA CAMC ENGINEERING CO., LTD', '00000000000', '2017-06-30 18:08:20', '2017-06-30 18:08:20', NULL),
(311015809, 'J', 'SERVEAPE C.A', '02850000000', '2018-02-07 19:48:21', '2018-02-07 19:48:21', NULL),
(311879021, 'J', 'CHINA GEZHOUBA GROUP CO. LTD, C.A', '00000000000', '2017-05-19 20:09:51', '2017-05-19 20:09:51', NULL),
(312488689, 'J', 'SUMINISTROS ELÉCTRICOS SASGO,CA', '00000000', '2017-08-15 20:19:17', '2017-08-15 20:19:17', NULL),
(313923290, 'J', 'SINERGIA, CABLES Y ALGO MAS C.A', '02850000000', '2017-04-07 04:34:56', '2017-04-07 04:34:56', NULL),
(314012657, 'J', '\"D`HOGAR INDUSTRIAL Y COMERCIAL, C.A\"', '00000000', '2017-08-17 16:26:37', '2017-08-17 16:26:37', NULL),
(314592009, 'J', 'DIST. DE CABLES Y MATERIALES ELECTR. DISCAEL, C.A', '02850000000', '2017-05-17 18:38:24', '2017-05-17 18:38:24', NULL),
(317363345, 'J', 'CONSORCIO PASVAL, DH', '02850000000', '2017-12-05 00:46:52', '2017-12-05 00:46:52', NULL),
(400823404, 'J', 'ASOCIACION CIVIL  CONSEJO CAMPESINO \"CANAGUAPAN\"', '0285000000', '2017-04-22 00:39:36', '2017-04-22 00:39:36', NULL),
(401458319, 'J', 'LAMINAS Y TUBOS DEL SUR, S.A.', '02850000000', '2018-03-09 00:25:01', '2018-03-09 00:25:01', NULL),
(404035257, 'J', 'POSMOCA, C.A', '02859765875', '2017-11-03 22:59:46', '2017-11-03 22:59:46', NULL),
(405514442, 'J', 'SUMICONSTRU.COM, C.A', '02856787356', '2017-06-20 19:42:44', '2017-06-20 19:42:44', NULL),
(406186864, 'J', 'ELECTRO CABLES UREÑA, C.A.', '00000000', '2017-08-15 22:05:05', '2017-08-15 22:05:05', NULL),
(406485233, 'J', 'ELECTRIMAT, C.A', '02850000000', '2017-12-14 17:41:21', '2017-12-14 17:41:21', NULL),
(406749818, 'J', 'ACEROX 2021, C.A.', '02850000000', '2017-04-28 16:08:12', '2017-04-28 16:08:12', NULL),
(407089633, 'J', 'MORINGA, C.A.', '04145623090', '2017-06-22 20:39:52', '2017-06-22 20:39:52', NULL),
(407407481, 'J', 'COMALVEN, C.A', '02850000000', '2017-05-29 19:42:38', '2017-05-29 19:42:38', NULL),
(784308308, 'J', 'ARAGON, S.A', '00000000', '2017-08-03 16:30:49', '2017-08-03 16:31:12', NULL),
(800215028, 'J', 'INVERSIONES SANTELY, C.A.', '0000000000', '2017-03-21 22:46:46', '2017-03-21 22:46:46', NULL),
(800215029, 'J', 'VENALUM', '0285000000', '2017-04-08 03:25:34', '2017-04-08 03:25:34', NULL);

-- --------------------------------------------------------

--
-- Estructura de tabla para la tabla `drivers`
--

CREATE TABLE `drivers` (
  `rif` int(8) UNSIGNED ZEROFILL NOT NULL,
  `name` varchar(255) COLLATE utf8mb4_unicode_ci NOT NULL,
  `phone` varchar(255) COLLATE utf8mb4_unicode_ci NOT NULL,
  `created_at` timestamp NULL DEFAULT NULL,
  `updated_at` timestamp NULL DEFAULT NULL,
  `deleted_at` timestamp NULL DEFAULT NULL
) ENGINE=InnoDB DEFAULT CHARSET=utf8mb4 COLLATE=utf8mb4_unicode_ci;

--
-- Volcado de datos para la tabla `drivers`
--

INSERT INTO `drivers` (`rif`, `name`, `phone`, `created_at`, `updated_at`, `deleted_at`) VALUES
(00680628, 'MIGUEL JIMENEZ', '0000', '2017-08-02 23:53:55', '2017-08-02 23:53:55', NULL),
(00814089, 'MANUEL RODRIGUEZ', '04240000000', '2017-04-08 03:48:57', '2017-04-08 03:48:57', NULL),
(01114987, 'WILMER CONTRERA', '042678091342', '2017-06-01 00:08:26', '2017-06-01 00:08:26', NULL),
(02803711, 'MANUEL MOYA', '04160000000', '2017-05-02 16:25:48', '2017-05-02 16:25:48', NULL),
(04114659, 'GUILLERMO GAMEZ', '04143478987', '2017-04-06 23:38:07', '2017-04-06 23:38:07', NULL),
(04345094, 'JOSE MOTA', '04167567091', '2017-05-29 21:05:35', '2017-05-29 21:05:35', NULL),
(04366240, 'FELIX RAMOS', '04123498646', '2017-04-06 23:38:42', '2017-04-06 23:38:42', NULL),
(04595514, 'JOSE RODRIGUEZ', '04142569842', '2018-03-01 18:13:11', '2018-03-01 18:13:11', NULL),
(04715205, 'CARLOS PATETE', '04245897586', '2017-11-13 20:15:07', '2017-11-13 20:15:07', NULL),
(04863505, 'THOMAS QUERO', '04142541890', '2017-06-29 19:29:28', '2017-06-29 19:29:28', NULL),
(04978337, 'JOSE GARCIAS', '04147812345', '2018-01-23 00:26:26', '2018-01-23 00:26:26', NULL),
(04984946, 'JOSE BUTEAO', '04148795326', '2018-03-01 18:18:16', '2018-03-01 18:18:16', NULL),
(05239593, 'JOSE BOLIVAR', '04145627678', '2017-06-06 16:26:40', '2017-06-06 16:26:40', NULL),
(06130516, 'WOLFGAG FRANCO', '04163678234', '2017-07-04 18:45:03', '2017-07-04 18:45:03', NULL),
(06464526, 'SAUL DIAZ', '04241343675', '2017-03-23 21:54:24', '2017-03-23 21:54:24', NULL),
(06648617, 'JUVENAL RODRIGUEZ', '04123679534', '2017-04-06 23:27:13', '2017-04-06 23:27:13', NULL),
(06702979, 'JACINTO VERA', '04148935624', '2017-11-22 23:29:29', '2017-11-22 23:29:29', NULL),
(06890628, 'MIGUEL JIMENEZ', '0414895551', '2017-04-08 03:15:33', '2017-08-04 23:22:55', NULL),
(07054502, 'CARLOS ENRIQUEZ', '04148795326', '2017-11-14 17:04:38', '2017-11-14 17:04:38', NULL),
(07096978, 'PEDRO BRACAMONTE', '04167824516', '2017-05-31 23:41:47', '2017-05-31 23:41:47', NULL),
(07220278, 'ALEJANDRO MARCANO', '04241524908', '2017-05-30 21:24:16', '2017-05-30 21:24:16', NULL),
(07251991, 'WILLIAM GUTIERREZ', '04162548795', '2017-07-04 19:00:40', '2017-07-04 19:00:40', NULL),
(07400191, 'RINO SUPPA', '04267869089', '2017-06-29 18:55:46', '2017-06-29 18:55:46', NULL),
(07630543, 'ALCIDES URDANETA', '0000000', '2017-08-02 21:24:32', '2017-08-21 20:47:39', NULL),
(07833239, 'JOSE VILLALOBOS', '04147895424', '2018-03-09 00:26:12', '2018-03-09 00:26:12', NULL),
(08054293, 'INOCENSIO GONZALES', '04269587416', '2017-07-07 20:28:14', '2017-07-07 20:28:14', NULL),
(08134172, 'JOSE ALBARAN', '04265698795', '2017-04-08 03:21:13', '2017-04-08 03:21:13', NULL),
(08140899, 'MANUEL RODRIGUEZ', '04240000000', '2017-04-21 23:58:30', '2017-04-21 23:58:30', NULL),
(08217200, 'RAMON URBINA', '04165479065', '2017-03-21 21:24:53', '2017-03-21 21:24:53', NULL),
(08262585, 'DOUGLAS SUCRE', '04148759563', '2018-02-27 21:24:47', '2018-02-27 21:24:47', NULL),
(08462635, 'ROSO RAMIREZ', '04145879425', '2018-02-07 19:49:51', '2018-02-07 19:49:51', NULL),
(08535746, 'LUIS MARTINEZ', '04142598652', '2018-02-20 22:44:31', '2018-02-20 22:44:31', NULL),
(08544067, 'CARLOS FOMONTI', '04143412984', '2017-04-08 03:19:24', '2017-04-08 03:19:24', NULL),
(08622074, 'JUAN ALCALA', '04146756897', '2017-05-29 19:47:21', '2017-05-29 19:47:21', NULL),
(08632855, 'JUNIOR MARTINEZ', 'O4249086789', '2017-03-16 21:39:42', '2017-03-16 21:39:42', NULL),
(08697903, 'YONNY ORTIZ', '04125489756', '2018-02-07 23:03:44', '2018-02-07 23:03:44', NULL),
(08793694, 'JOSE HERRERA', '0000000', '2017-08-02 21:27:44', '2017-08-02 21:27:44', NULL),
(08799217, 'VICTOR MENDEZ', '04142897561', '2018-02-23 17:45:05', '2018-02-23 17:45:05', NULL),
(08828933, 'NELSON DASILVA', '04265467908', '2017-04-21 22:01:02', '2017-04-21 22:01:02', NULL),
(08829086, 'CARLOS MENDRANO', '04125789564', '2017-12-05 00:45:52', '2017-12-05 00:45:52', NULL),
(08854167, 'VICENTE MARIN', '04125894713', '2018-03-12 18:18:12', '2018-03-12 18:18:12', NULL),
(08883715, 'JESUS JIMENEZ', '04240000000', '2017-04-27 20:23:23', '2017-04-27 20:23:23', NULL),
(08889299, 'RAMON JIMENEZ', '04145624561', '2017-06-09 19:10:42', '2017-06-09 19:10:42', NULL),
(08899930, 'RAMON BARRERO', '04123423789', '2017-07-01 00:05:49', '2017-07-01 00:05:49', NULL),
(08906581, 'LUIS INAGA', '04261789047', '2017-05-29 20:20:43', '2017-05-29 20:20:43', NULL),
(08906667, 'NORMAN YNAGA', '0000000', '2017-08-03 00:08:22', '2017-08-03 00:08:22', NULL),
(08911364, 'raul diaz', '0000000', '2017-08-07 22:48:12', '2017-08-07 22:48:12', NULL),
(08911506, 'JOSE MARIN', '04168951234', '2018-02-23 20:57:31', '2018-02-23 20:57:31', NULL),
(08913561, 'WILLIANS RAMOS', '04269865123', '2017-03-16 23:54:16', '2017-03-16 23:54:16', NULL),
(08913764, 'ADAN BARRIOS', '04241656364', '2017-06-28 21:38:55', '2017-06-28 21:38:55', NULL),
(08944067, 'CARLOS POMONTI', '0426000000', '2017-04-08 03:55:05', '2017-04-08 03:55:05', NULL),
(08946391, 'JOSE CHIPIAJE', '04145647896', '2017-07-10 22:48:05', '2017-07-10 22:48:05', NULL),
(08957586, 'CARLOS GUARISMA', '04168945125', '2018-03-07 22:00:03', '2018-03-07 22:00:03', NULL),
(08962125, 'JESUS BRITO', '0000000', '2017-08-10 00:53:22', '2017-08-10 00:53:22', NULL),
(08973694, 'JOSE HERRERA', '04247895896', '2017-10-24 20:26:21', '2017-10-24 20:26:21', NULL),
(09345313, 'DANIEL COLMENARES', '0000000', '2017-07-31 21:12:55', '2017-07-31 21:12:55', NULL),
(09476306, 'JOSE PARRA', '04240000000', '2017-04-28 19:50:44', '2017-04-28 19:57:24', NULL),
(09536434, 'ALI ASCANIO', '04143456234', '2017-03-21 04:42:19', '2017-03-21 04:42:19', NULL),
(09557123, 'ALFREDO JIMENEZ', '04145624562', '2017-06-13 01:01:44', '2017-06-13 01:01:44', NULL),
(09691607, 'JUAN AZUAJE', '04163725097', '2017-05-19 18:42:15', '2017-05-19 18:42:15', NULL),
(09734781, 'FELIX CASANOVA', '04145896587', '2017-11-01 23:39:28', '2017-11-01 23:39:28', NULL),
(09739096, 'ALEXIS ARCAYA', '04265978029', '2017-05-19 18:44:29', '2017-05-19 18:44:29', NULL),
(09744781, 'FELIX CASANOVA', '041425698658', '2017-11-01 23:36:18', '2017-11-01 23:36:18', NULL),
(09813883, 'OSCAR MAURERA', '04245634908', '2017-06-22 20:05:12', '2017-06-22 20:05:12', NULL),
(09949531, 'LUIS FLORES', '0000000', '2017-07-27 00:27:02', '2017-07-27 00:27:02', NULL),
(10047363, 'CARLOS BARRIOS', '04162587123', '2018-03-22 23:40:20', '2018-03-22 23:40:20', NULL),
(10047389, 'CARLOS BARRIOS', '04145678345', '2017-06-13 01:08:28', '2017-06-13 01:08:28', NULL),
(10048951, 'ANTONI FREDDY', '04245613908', '2017-05-18 18:07:51', '2017-05-18 18:07:51', NULL),
(10049071, 'LORENZO OLEAGA', '0000000', '2017-07-25 19:02:31', '2017-07-25 22:54:36', NULL),
(10094107, 'FREDY SERRANO', '04265745376', '2017-04-06 23:24:14', '2017-04-06 23:24:14', NULL),
(10176578, 'FRANKLIN PARADAS H', '0000000', '2017-07-31 21:11:39', '2017-07-31 21:11:39', NULL),
(10189007, 'ARGELIS JIMENEZ', '0000000', '2017-08-02 21:27:06', '2017-08-03 15:51:22', NULL),
(10280427, 'JUAN ACOSTA', '04164528046', '2017-05-19 18:45:52', '2017-05-19 18:45:52', NULL),
(10657727, 'JUAN LEAL', '04247895346', '2018-02-06 00:18:15', '2018-02-06 00:18:15', NULL),
(10758871, 'LUIS TERAN', '04165894214', '2018-03-22 19:07:30', '2018-03-22 19:07:30', NULL),
(10813101, 'LUCAS HERNANDEZ', '04143245634', '2017-07-04 19:42:25', '2017-07-04 19:42:25', NULL),
(10813795, 'LUCAS HERNANDEZ', '0000000', '2017-08-10 23:19:16', '2017-08-10 23:19:16', NULL),
(10824288, 'RICARDO SAYAGO', '04260000000', '2017-04-27 20:17:29', '2017-04-28 16:06:44', NULL),
(10851832, 'CARLOS PEREZ', '041685795', '2018-03-22 20:31:32', '2018-03-22 20:33:33', NULL),
(10903681, 'JORGE HERNANDEZ', '04140000000', '2017-04-28 16:08:59', '2017-04-28 16:08:59', NULL),
(11105975, 'RICHARD RINCON', '04162908979', '2017-05-31 23:39:40', '2017-06-29 18:50:36', NULL),
(11114987, 'WILMER CONTRERAS', '0000000', '2017-08-21 20:41:12', '2017-08-21 21:13:45', NULL),
(11171178, 'ROLANDO RIVAS', '04143526498', '2017-04-07 01:12:12', '2017-04-07 01:12:12', NULL),
(11172470, 'NEDIL CENTENO', '04245645908', '2017-08-28 23:28:03', '2017-08-28 23:28:03', NULL),
(11308363, 'ALEXANDER MOREIRA', '04148693542', '2017-08-03 16:42:33', '2017-08-04 23:39:52', NULL),
(11363993, 'JOSE CASTELLANOS', '04147854123', '2018-03-15 21:11:26', '2018-03-15 21:11:26', NULL),
(11427957, 'HERNAN PERDOMO', '04245314389', '2017-05-29 20:15:25', '2017-05-29 20:15:25', NULL),
(11497253, 'JOSE TORRES', '04140000000', '2017-05-10 19:27:28', '2017-05-10 19:27:28', NULL),
(11522136, 'JOSE DELGADO', '04145624567', '2017-06-23 00:54:42', '2017-06-23 00:54:42', NULL),
(11687398, 'ROBERTO SANABRIA', '04165987124', '2018-04-05 19:35:32', '2018-04-05 19:35:32', NULL),
(11731080, 'IVAN GARRIDO', '04168975123', '2018-03-06 18:27:00', '2018-03-06 18:27:00', NULL),
(11751008, 'IVAN GARRIDO', '04147832090', '2017-06-07 20:45:00', '2017-06-07 20:45:00', NULL),
(11936775, 'CHARLES ARCHILA', '04260000000', '2017-04-27 20:03:28', '2017-04-28 16:04:57', NULL),
(11953978, 'JUAN PARRA', '04260000000', '2017-04-28 19:59:45', '2017-04-28 19:59:45', NULL),
(11995765, 'PEDRO FUENTE', '0000000', '2017-08-03 19:48:44', '2017-08-03 19:48:44', NULL),
(12116159, 'ALFREDYS AGUANEZ', '04142569541', '2018-03-14 19:45:39', '2018-03-14 19:45:39', NULL),
(12165056, 'HECTOR SOLORZANO', '04241324657', '2017-04-08 03:21:53', '2017-04-08 03:21:53', NULL),
(12185096, 'HECTOR SOLORZANO', '04260000000', '2017-04-22 00:21:33', '2017-04-22 00:21:33', NULL),
(12185774, 'NESTOR MENDEZ', '04240000000', '2017-04-22 00:37:56', '2017-04-22 00:37:56', NULL),
(12185958, 'EUCLIDES ANZOATEGUI', '04128795312', '2018-01-22 19:56:59', '2018-01-22 19:56:59', NULL),
(12190410, 'JOSE MOTA', '0000000', '2017-08-11 18:39:48', '2017-08-11 18:39:48', NULL),
(12207199, 'ORLANDO MOLINA', '04241526098', '2017-06-09 19:15:31', '2017-06-09 19:15:31', NULL),
(12518364, 'RICHARD CONTRERAS', '04145635289', '2017-05-31 23:36:56', '2017-08-08 23:48:26', NULL),
(12560824, 'CARLOS BETANCOURT', '0000000', '2017-08-19 00:55:49', '2017-08-19 00:55:49', NULL),
(12602123, 'ALEXANDER MEDINA', '04125879543', '2018-03-01 18:19:59', '2018-03-01 18:19:59', NULL),
(12634763, 'JHONNY CAMARGO', '04148693542', '2017-09-25 23:43:07', '2017-09-25 23:43:07', NULL),
(12699584, 'YOEL PASTOR', '04145623209', '2017-07-10 23:14:34', '2017-07-10 23:14:34', NULL),
(12808057, 'VICTOR BASTIDAS', '04261460457', '2017-05-11 16:42:38', '2017-05-11 16:42:38', NULL),
(12813797, 'JHAN MARQUEZ', '04167852244', '2017-09-26 20:36:41', '2017-09-26 20:36:41', NULL),
(12944042, 'DICSON GONZALES', '0414895551', '2017-10-03 20:56:01', '2017-10-03 20:56:01', NULL),
(13038885, 'IVAN SERRANO', '0000000', '2017-08-17 16:29:02', '2017-08-17 16:29:02', NULL),
(13120913, 'NELSON GUILLEN', '04269924546', '2017-05-18 18:07:14', '2017-05-18 18:07:14', NULL),
(13134003, 'JUAN DA SILVA', '04146789067', '2017-06-23 00:32:35', '2017-06-23 00:32:35', NULL),
(13169278, 'YOAN RODRIGUEZ', '0000000', '2017-08-21 22:28:09', '2017-08-21 22:28:09', NULL),
(13216984, 'WILFE ROJAS', '04160000000', '2017-04-08 04:26:16', '2017-04-08 04:26:16', NULL),
(13470667, 'DOMINGO MONAGAS', '04240000000', '2017-04-25 22:15:49', '2017-04-25 22:15:49', NULL),
(13552176, 'RIGOBERTO PEÑA', '04165895632', '2017-09-28 20:01:27', '2017-09-28 20:01:27', NULL),
(13568260, 'DOUGLAS OJEDA', '04241434978', '2017-04-08 03:41:42', '2017-04-08 03:41:42', NULL),
(13666523, 'GUSTAVO LUGO', '04145645345', '2017-06-20 19:40:16', '2017-06-20 19:40:16', NULL),
(13701452, 'JOSE  GREGORIO HERNANDEZ', '0000000', '2017-08-03 18:09:13', '2017-08-03 18:09:13', NULL),
(13702920, 'JEAN CUAN', '04241896078', '2017-05-19 18:45:11', '2017-05-19 18:45:11', NULL),
(13703920, 'JEAN CUAN', '04123980789', '2017-06-13 01:03:52', '2017-06-13 01:03:52', NULL),
(13809366, 'AMADO SERVEN', '04240000000', '2017-04-25 22:55:18', '2017-04-25 22:55:18', NULL),
(14001802, 'JOSE VALENZUELA', '04143425409', '2017-05-19 18:42:59', '2017-05-19 18:42:59', NULL),
(14019770, 'JORDI LAYA', '04260000000', '2017-04-27 20:13:24', '2017-04-28 16:05:29', NULL),
(14040346, 'OANNES ORTEGA', '04162846891', '2018-02-27 21:31:39', '2018-02-27 21:31:39', NULL),
(14040732, 'JOSE GONZALEZ', '04260000000', '2017-05-08 23:11:09', '2017-05-08 23:11:09', NULL),
(14078641, 'EDGAR TOVAR', '04245167456', '2017-05-31 23:44:03', '2017-05-31 23:44:03', NULL),
(14081345, 'SALVATORE SCARALLO', '02128596323', '2017-11-13 20:30:56', '2017-11-13 20:30:56', NULL),
(14144057, 'ERNESTO RONDON', '04125895631', '2017-11-17 17:47:38', '2017-11-17 17:47:38', NULL),
(14152704, 'JUAN SANDOVAL', '0000000', '2017-07-31 21:12:10', '2017-07-31 21:12:10', NULL),
(14176661, 'CARLOS FLORES', '04145238357', '2017-05-16 23:14:23', '2017-05-16 23:14:23', NULL),
(14229072, 'ALEXIS CAÑIZALES', '04265674589', '2017-03-21 04:30:19', '2017-03-21 04:30:40', NULL),
(14308603, 'TONY JOSE RUEDA', '000000', '2017-07-21 08:40:51', '2017-07-21 08:40:51', NULL),
(14378462, 'HUGO VILLAMIZAR', '04129807912', '2017-05-31 23:49:21', '2017-05-31 23:49:21', NULL),
(14381033, 'CARLOS BENCOMO', '04142579512', '2018-04-05 19:35:55', '2018-04-05 19:35:55', NULL),
(14394198, 'ALEXIS GONZALEX', '04260000000', '2017-05-02 16:23:39', '2017-05-02 16:23:39', NULL),
(14560068, 'HENRRY ALMEA', '04249987653', '2017-07-04 18:55:57', '2017-07-04 18:55:57', NULL),
(14597121, 'FERNANDO CASTRO', '04147854124', '2018-04-05 19:36:21', '2018-04-05 19:36:21', NULL),
(14653200, 'ROLANDO BONALDE', '04263954487', '2017-07-04 22:53:21', '2017-07-04 22:53:21', NULL),
(14848609, 'ROGER CAMACHO', '04245674234', '2017-06-29 19:06:38', '2017-06-29 19:06:38', NULL),
(14880054, 'YUSMAR  BARRADAS', '0000000', '2017-08-15 18:17:11', '2017-08-15 18:17:11', NULL),
(14910626, 'PEDRO COROY', '04142897563', '2018-02-05 19:46:34', '2018-02-05 19:46:34', NULL),
(14985060, 'EDIXON NIETO', '04147896703', '2017-05-19 18:40:45', '2017-05-19 18:40:45', NULL),
(15434027, 'DANNY ZAPATA', '04148907846', '2017-06-06 23:57:00', '2017-06-06 23:57:00', NULL),
(15442928, 'HERNAN  MALDONADO', '04148693542', '2017-09-26 21:48:57', '2017-09-26 21:48:57', NULL),
(15529647, 'CARLOS PINTO', '04167867090', '2017-06-29 21:09:03', '2017-06-29 21:09:03', NULL),
(15543596, 'JOSE BASTIDA', '0000000', '2017-07-27 00:29:37', '2017-07-27 00:29:37', NULL),
(15603591, 'JESUS CASTILLO', '0426000000', '2017-04-08 04:30:51', '2017-04-08 04:30:51', NULL),
(15635750, 'JOSE BUTEAO', '04124978531', '2018-01-26 20:53:27', '2018-01-26 20:53:27', NULL),
(15819316, 'JOSE LUIS HERNANDEZ', '0000000', '2017-08-03 18:06:44', '2017-08-03 18:06:44', NULL),
(15987257, 'LUIS GONZALEZ', '04147985478', '2018-01-23 17:05:08', '2018-01-23 17:05:08', NULL),
(16025195, 'GALVIS JEAN', '0000000', '2017-08-02 23:59:05', '2017-08-02 23:59:05', NULL),
(16050693, 'PABLO SIVIRA', '04142435908', '2017-07-04 18:16:17', '2017-07-04 18:16:17', NULL),
(16058938, 'RONIS RAMIREZ', '04147895856', '2017-10-05 17:19:06', '2018-03-02 16:53:54', NULL),
(16421656, 'OSCAR CASTELLANOS', '0000000', '2017-08-09 00:05:55', '2017-08-09 00:05:55', NULL),
(16500551, 'rene guarisma', '0000000', '2017-08-01 20:32:19', '2017-08-01 20:32:19', NULL),
(16520549, 'FRANKLIN LEDEZMA', '04124958795', '2017-09-22 00:20:35', '2017-09-22 00:20:35', NULL),
(16572753, 'YEIFRAN ESPAÑA', '04123678946', '2017-05-18 18:11:40', '2017-08-03 00:57:55', NULL),
(16572793, 'YEYFRAN ESPAÑA', '04240000000', '2017-04-22 00:29:48', '2017-04-22 00:29:48', NULL),
(16650221, 'ANGEL GIL', '04145645290', '2017-06-05 18:43:00', '2017-06-05 18:43:00', NULL),
(16744035, 'JESUS QUINTERO', '0000000', '2017-08-21 20:44:43', '2017-08-21 20:44:43', NULL),
(16809599, 'RONNER CASTELLANOS', '04147936524', '2017-11-03 23:02:12', '2017-11-03 23:02:12', NULL),
(17452550, 'VIRGY BLANCO', '04143512897', '2017-04-06 23:25:53', '2017-04-07 04:36:33', NULL),
(17633357, 'LUIS GONZALEZ', '04260000000', '2017-05-16 19:35:57', '2017-05-16 19:35:57', NULL),
(17663957, 'LUIS GONZALEZ', '04147854872', '2018-03-21 23:34:41', '2018-03-21 23:34:41', NULL),
(18092102, 'RAINER RONDON', '0426000000', '2017-04-08 04:05:05', '2017-04-08 04:08:00', NULL),
(18450865, 'JOSE MOLINA', '04145619067', '2017-05-18 18:09:00', '2017-05-18 18:09:00', NULL),
(18477162, 'LUIS JIMENEZ', '04128956324', '2018-01-22 19:56:25', '2018-01-22 19:56:25', NULL),
(18655503, 'ALEXADER DURAN', '04245560596', '2017-05-16 23:11:23', '2017-05-16 23:11:23', NULL),
(18762428, 'EDICSON JAIMES', '04123423897', '2017-06-29 21:09:41', '2017-06-29 21:09:41', NULL),
(19022271, 'MIGUEL JIMENEZ', '0000000', '2017-08-03 00:03:14', '2017-08-03 00:03:14', NULL),
(19120974, 'EVARISTO FARIAS', '0000000', '2017-07-21 11:12:16', '2017-07-21 11:12:16', NULL),
(19416213, 'RENE FUENTES', '04164526890', '2017-06-22 20:44:09', '2017-06-22 20:44:09', NULL),
(19522605, 'RONALD CORDERO', '02128790242', '2017-05-19 18:41:34', '2017-05-19 18:41:34', NULL),
(20357354, 'LUIS HERNANDEZ', '0000000', '2017-08-03 18:06:09', '2017-08-03 18:06:09', NULL),
(20503018, 'RHONY IDROGO', '0000000', '2017-08-10 20:30:13', '2017-08-10 20:30:13', NULL),
(22008521, 'LUIS GONZALEZ', '04145897432', '2018-01-25 21:19:47', '2018-01-25 21:19:47', NULL),
(24847053, 'BRAYAN MOREIRA', '0000000', '2017-08-10 16:26:32', '2017-08-10 16:26:32', NULL),
(25694275, 'FERNANDO CONDE', '0000000', '2017-08-10 23:24:22', '2017-08-10 23:24:22', NULL);

-- --------------------------------------------------------

--
-- Estructura de tabla para la tabla `migrations`
--

CREATE TABLE `migrations` (
  `id` int(10) UNSIGNED NOT NULL,
  `migration` varchar(255) COLLATE utf8mb4_unicode_ci NOT NULL,
  `batch` int(11) NOT NULL
) ENGINE=InnoDB DEFAULT CHARSET=utf8mb4 COLLATE=utf8mb4_unicode_ci;

--
-- Volcado de datos para la tabla `migrations`
--

INSERT INTO `migrations` (`id`, `migration`, `batch`) VALUES
(1, '2014_10_12_000000_create_users_table', 1),
(2, '2014_10_12_100000_create_password_resets_table', 1),
(3, '2017_02_29_193430_create_products_table', 1),
(4, '2017_03_01_230307_create_beneficiarys', 1),
(5, '2017_03_01_230658_create_vehicles', 1),
(6, '2017_03_01_231646_create_drivers', 1),
(7, '2017_03_01_231923_create_transactions', 1);

-- --------------------------------------------------------

--
-- Estructura de tabla para la tabla `products`
--

CREATE TABLE `products` (
  `id` int(10) UNSIGNED NOT NULL,
  `name` varchar(255) COLLATE utf8mb4_unicode_ci NOT NULL,
  `description` varchar(255) COLLATE utf8mb4_unicode_ci NOT NULL,
  `created_at` timestamp NULL DEFAULT NULL,
  `updated_at` timestamp NULL DEFAULT NULL,
  `deleted_at` timestamp NULL DEFAULT NULL
) ENGINE=InnoDB DEFAULT CHARSET=utf8mb4 COLLATE=utf8mb4_unicode_ci;

--
-- Volcado de datos para la tabla `products`
--

INSERT INTO `products` (`id`, `name`, `description`, `created_at`, `updated_at`, `deleted_at`) VALUES
(1, 'Alambron', 'Alambre conductor de electricidad de xx diametro', NULL, NULL, NULL),
(2, 'Conductor', 'Conductor de electricidad', NULL, NULL, NULL),
(3, 'Alambron / Conductor', 'Alambron y conductor', NULL, NULL, NULL),
(4, 'Gasoil', 'Combustible parael uso en la planta', NULL, NULL, NULL),
(5, 'Nitrogeno', 'Nitrogeno para el uso de la planta', NULL, NULL, NULL),
(6, 'Argon Liquido', 'Argon liquido para el uso de la planta', NULL, NULL, NULL),
(7, 'Aluminio (Materia prima)', 'Aluminio materia prima', NULL, NULL, NULL),
(8, 'Gas', 'Gas para uso en la planta', NULL, NULL, NULL),
(9, 'Lagrima de Aluminio', 'Chatarra de aluminio', NULL, NULL, NULL),
(10, 'Escoria de Aluminio ', 'Chatarra de aluminio', NULL, NULL, NULL),
(11, 'Hierro', 'Aleante', NULL, NULL, NULL),
(12, 'Silicio', 'Aleante', NULL, NULL, NULL),
(13, 'Tibor', 'Aleante', NULL, NULL, NULL),
(14, 'Magnesio', 'Aleante', NULL, NULL, NULL),
(15, 'Boro', 'Aleante', NULL, NULL, NULL),
(16, 'GLP', 'Gas Licuado de Petroleo', NULL, NULL, NULL),
(17, 'Chatarra de Aluminio', 'recotes de aluminio', NULL, NULL, NULL);

-- --------------------------------------------------------

--
-- Estructura de tabla para la tabla `transactions`
--

CREATE TABLE `transactions` (
  `id` int(10) UNSIGNED NOT NULL,
  `input_weight` int(11) NOT NULL,
  `output_weight` int(11) NOT NULL,
  `state` enum('transit','finish') COLLATE utf8mb4_unicode_ci NOT NULL,
  `type` enum('sale','purchase') COLLATE utf8mb4_unicode_ci NOT NULL,
  `driver_rif` int(10) UNSIGNED NOT NULL,
  `vehicle_id` int(10) UNSIGNED NOT NULL,
  `beneficiary_rif` int(10) UNSIGNED NOT NULL,
  `users_id` int(10) UNSIGNED NOT NULL,
  `product_id` int(10) UNSIGNED NOT NULL,
  `created_at` timestamp NULL DEFAULT NULL,
  `updated_at` timestamp NULL DEFAULT NULL,
  `deleted_at` timestamp NULL DEFAULT NULL
) ENGINE=InnoDB DEFAULT CHARSET=utf8mb4 COLLATE=utf8mb4_unicode_ci;

--
-- Volcado de datos para la tabla `transactions`
--

INSERT INTO `transactions` (`id`, `input_weight`, `output_weight`, `state`, `type`, `driver_rif`, `vehicle_id`, `beneficiary_rif`, `users_id`, `product_id`, `created_at`, `updated_at`, `deleted_at`) VALUES
(1, 4638, 5880, 'finish', 'sale', 8632855, 1, 308786950, 2, 2, '2017-03-16 21:57:37', '2017-03-16 21:59:07', NULL),
(2, 3540, 4952, 'finish', 'sale', 8913561, 2, 89135610, 2, 2, '2017-03-17 00:09:31', '2017-03-17 00:11:31', NULL),
(3, 13460, 40000, 'finish', 'sale', 14229072, 3, 8280, 2, 1, '2017-03-21 04:38:58', '2017-03-21 04:40:45', NULL),
(4, 16000, 36100, 'finish', 'sale', 9536434, 4, 8280, 2, 1, '2017-03-21 04:47:43', '2017-03-21 04:48:14', NULL),
(5, 7160, 7160, 'finish', 'sale', 8217200, 5, 800215028, 2, 2, '2017-03-21 22:48:07', '2017-04-07 04:01:22', '2017-04-07 04:01:22'),
(6, 6500, 888, 'finish', 'sale', 4114659, 1, 8280, 1, 1, '2017-04-07 04:04:00', '2017-04-07 04:05:14', '2017-04-07 04:05:14'),
(7, 19020, 45760, 'finish', 'sale', 6648617, 9, 8280, 1, 1, '2017-04-07 04:10:59', '2017-04-07 04:11:22', NULL),
(8, 17120, 43820, 'finish', 'sale', 4114659, 10, 8280, 1, 1, '2017-04-07 04:12:55', '2017-04-07 04:13:19', NULL),
(9, 18440, 49780, 'finish', 'sale', 11171178, 12, 8280, 1, 1, '2017-04-07 04:17:20', '2017-04-07 04:17:49', NULL),
(10, 16840, 43530, 'finish', 'sale', 4366240, 11, 8280, 1, 1, '2017-04-07 04:19:06', '2017-04-07 04:19:37', NULL),
(11, 4140, 7360, 'finish', 'sale', 17452550, 8, 313923290, 1, 2, '2017-04-07 04:57:51', '2017-04-07 04:58:10', NULL),
(12, 7080, 17640, 'finish', 'sale', 10094107, 7, 313923290, 1, 2, '2017-04-07 05:01:45', '2017-04-07 05:02:00', NULL),
(13, 47240, 16860, 'finish', 'sale', 6890628, 13, 800215029, 2, 7, '2017-04-08 03:34:18', '2017-04-08 03:34:35', NULL),
(14, 46960, 17220, 'finish', 'sale', 8544067, 14, 800215029, 2, 7, '2017-04-08 03:35:26', '2017-04-08 03:35:46', NULL),
(15, 45880, 15300, 'finish', 'sale', 8134172, 15, 800215029, 2, 7, '2017-04-08 03:37:49', '2017-04-08 03:38:04', NULL),
(16, 47520, 17160, 'finish', 'sale', 12165056, 16, 800215029, 2, 7, '2017-04-08 03:40:21', '2017-04-08 03:40:39', NULL),
(17, 46666, 17360, 'finish', 'sale', 13568260, 17, 12345, 2, 4, '2017-04-08 03:46:41', '2017-04-08 03:46:59', NULL),
(18, 47320, 17140, 'finish', 'sale', 6890628, 20, 800215029, 2, 7, '2017-04-08 03:56:51', '2017-04-08 03:58:43', NULL),
(19, 47780, 17140, 'finish', 'sale', 8944067, 14, 800215029, 2, 7, '2017-04-08 04:01:24', '2017-04-08 04:01:40', NULL),
(20, 46200, 15669, 'finish', 'sale', 18092102, 21, 800215029, 2, 7, '2017-04-08 04:07:26', '2017-04-08 04:16:34', NULL),
(21, 46200, 99999, 'finish', 'sale', 18092102, 21, 800215029, 2, 7, '2017-04-08 04:14:52', '2017-04-08 04:15:39', '2017-04-08 04:15:39'),
(22, 47780, 17473, 'finish', 'sale', 8944067, 14, 800215029, 2, 7, '2017-04-08 04:17:46', '2017-04-08 04:19:29', NULL),
(23, 47780, 99999, 'finish', 'sale', 8944067, 14, 800215029, 2, 7, '2017-04-08 04:19:06', '2017-04-08 04:19:56', '2017-04-08 04:19:56'),
(24, 45900, 16048, 'finish', 'sale', 814089, 18, 800215029, 2, 7, '2017-04-08 04:23:07', '2017-04-08 04:23:39', NULL),
(25, 46280, 15800, 'finish', 'sale', 13216984, 23, 800215029, 2, 7, '2017-04-08 04:30:10', '2017-04-08 05:01:58', NULL),
(26, 45840, 15820, 'finish', 'sale', 15603591, 24, 800215029, 2, 7, '2017-04-08 04:33:05', '2017-04-08 05:02:13', NULL),
(27, 19080, 50440, 'finish', 'sale', 6648617, 9, 303640699, 2, 1, '2017-04-21 22:26:58', '2017-04-21 23:07:49', NULL),
(28, 16620, 46100, 'finish', 'sale', 8828933, 26, 303640699, 2, 1, '2017-04-21 23:28:54', '2017-04-21 23:29:11', NULL),
(29, 45980, 30060, 'finish', 'purchase', 13216984, 27, 800215029, 2, 7, '2017-04-21 23:44:55', '2017-04-21 23:45:11', NULL),
(30, 45780, 30240, 'finish', 'purchase', 8140899, 28, 800215029, 2, 7, '2017-04-22 00:16:54', '2017-04-22 00:17:32', NULL),
(31, 45260, 29780, 'finish', 'purchase', 18092102, 29, 800215029, 2, 7, '2017-04-22 00:19:55', '2017-04-22 00:20:18', NULL),
(32, 47480, 30620, 'finish', 'purchase', 12185096, 16, 800215029, 2, 7, '2017-04-22 00:28:30', '2017-04-22 00:28:50', NULL),
(33, 36720, 20700, 'finish', 'purchase', 16572793, 24, 800215029, 2, 7, '2017-04-22 00:31:18', '2017-04-22 00:31:38', NULL),
(34, 6700, 7420, 'finish', 'sale', 12185774, 30, 400823404, 2, 7, '2017-04-22 00:40:29', '2017-04-22 00:40:47', NULL),
(35, 16880, 45860, 'finish', 'sale', 13470667, 31, 8280, 2, 1, '2017-04-25 22:21:22', '2017-04-25 22:27:16', NULL),
(36, 19740, 51220, 'finish', 'sale', 13809366, 32, 8280, 2, 1, '2017-04-25 22:56:30', '2017-04-25 22:56:46', NULL),
(37, 19260, 50260, 'finish', 'sale', 6648617, 9, 8280, 2, 1, '2017-04-27 19:57:59', '2017-04-28 16:01:00', NULL),
(38, 16800, 16800, 'finish', 'sale', 8828933, 26, 8280, 2, 1, '2017-04-27 20:00:04', '2017-05-09 00:11:40', NULL),
(39, 16140, 16140, 'finish', 'sale', 11936775, 33, 8280, 2, 1, '2017-04-27 20:12:10', '2017-05-09 00:12:11', NULL),
(40, 18120, 43480, 'finish', 'sale', 14019770, 34, 898740, 2, 1, '2017-04-27 20:15:28', '2017-04-28 16:05:48', NULL),
(41, 17840, 17840, 'finish', 'sale', 10824288, 35, 12345, 2, 4, '2017-04-27 20:19:30', '2017-05-09 00:13:00', NULL),
(42, 17840, 39900, 'finish', 'sale', 10824288, 35, 898740, 2, 1, '2017-04-27 20:21:25', '2017-04-28 16:07:00', NULL),
(43, 19780, 50940, 'finish', 'sale', 10903681, 36, 406749818, 2, 1, '2017-04-28 16:11:53', '2017-04-28 16:12:22', NULL),
(44, 4360, 10700, 'finish', 'sale', 9476306, 38, 306343202, 2, 1, '2017-04-28 19:58:15', '2017-04-28 19:58:55', NULL),
(45, 7640, 17940, 'finish', 'sale', 11953978, 39, 306343202, 2, 1, '2017-04-28 20:02:22', '2017-04-28 20:02:44', NULL),
(46, 7640, 17940, 'finish', 'sale', 11953978, 39, 306343202, 2, 1, '2017-05-02 16:33:03', '2017-05-02 16:35:37', '2017-05-02 16:35:37'),
(47, 17780, 48780, 'finish', 'sale', 14394198, 40, 8280, 2, 1, '2017-05-02 16:43:23', '2017-05-02 16:44:09', NULL),
(48, 21200, 52560, 'finish', 'sale', 2803711, 41, 302966922, 2, 1, '2017-05-02 16:45:48', '2017-05-02 16:46:14', NULL),
(49, 47060, 15880, 'finish', 'purchase', 14040732, 42, 12345, 2, 4, '2017-05-08 23:15:56', '2017-05-08 23:53:10', NULL),
(50, 13680, 43140, 'finish', 'sale', 11497253, 43, 406749818, 2, 1, '2017-05-10 19:30:30', '2017-05-10 19:30:47', NULL),
(51, 4220, 8420, 'finish', 'sale', 9476306, 38, 306343202, 2, 1, '2017-05-10 19:34:41', '2017-05-10 19:34:59', NULL),
(52, 7480, 17840, 'finish', 'sale', 11953978, 39, 306343202, 2, 1, '2017-05-10 19:44:06', '2017-05-10 19:44:18', NULL),
(53, 18280, 47560, 'finish', 'sale', 12808057, 44, 8280, 2, 1, '2017-05-11 16:45:53', '2017-05-11 23:13:41', NULL),
(54, 45460, 15620, 'finish', 'sale', 814089, 28, 800215029, 2, 7, '2017-05-15 22:49:25', '2017-05-15 22:49:46', NULL),
(55, 45460, 15620, 'finish', 'sale', 13216984, 27, 800215029, 2, 7, '2017-05-15 22:52:26', '2017-05-15 22:52:40', NULL),
(56, 47700, 17160, 'finish', 'sale', 16572793, 45, 800215029, 2, 7, '2017-05-15 22:55:30', '2017-05-15 22:55:43', NULL),
(57, 45660, 15800, 'finish', 'sale', 15603591, 24, 800215029, 2, 7, '2017-05-15 22:56:48', '2017-05-15 22:57:04', NULL),
(58, 47640, 17120, 'finish', 'purchase', 6890628, 20, 800215029, 2, 7, '2017-05-16 19:40:33', '2017-05-16 19:41:30', NULL),
(59, 47420, 17300, 'finish', 'purchase', 17633357, 45, 800215029, 2, 7, '2017-05-16 19:45:35', '2017-05-16 19:47:56', NULL),
(60, 45680, 15960, 'finish', 'purchase', 15603591, 24, 800215029, 2, 7, '2017-05-16 19:57:20', '2017-05-16 19:57:52', NULL),
(61, 45840, 29840, 'finish', 'purchase', 13216984, 27, 800215029, 2, 7, '2017-05-16 20:06:41', '2017-05-16 20:06:55', NULL),
(62, 4180, 9100, 'finish', 'sale', 14176661, 47, 314592009, 2, 2, '2017-05-17 19:15:20', '2017-05-17 19:15:34', NULL),
(63, 8280, 18780, 'finish', 'sale', 18655503, 46, 314592009, 2, 2, '2017-05-17 19:18:26', '2017-05-17 19:18:41', NULL),
(64, 46400, 15980, 'finish', 'purchase', 16572753, 27, 800215029, 2, 7, '2017-05-18 18:13:50', '2017-05-18 18:14:37', NULL),
(65, 47260, 30820, 'finish', 'sale', 13120913, 48, 800215029, 2, 7, '2017-05-18 18:15:13', '2017-05-18 18:15:30', NULL),
(66, 48920, 30780, 'finish', 'purchase', 10048951, 49, 800215029, 2, 7, '2017-05-18 18:16:19', '2017-05-18 18:16:31', NULL),
(67, 46720, 30000, 'finish', 'sale', 18450865, 50, 800215029, 2, 7, '2017-05-18 18:18:10', '2017-05-18 18:18:24', NULL),
(68, 18440, 49500, 'finish', 'sale', 14985060, 51, 8280, 2, 1, '2017-05-19 20:14:20', '2017-05-24 00:24:33', NULL),
(69, 17800, 42080, 'finish', 'sale', 9691607, 53, 8280, 2, 1, '2017-05-24 00:26:10', '2017-05-24 00:26:22', NULL),
(70, 18400, 39880, 'finish', 'sale', 14001802, 54, 311879021, 2, 1, '2017-05-24 00:31:18', '2017-05-24 00:31:31', NULL),
(71, 18520, 40160, 'finish', 'sale', 9739096, 55, 311879021, 2, 2, '2017-05-24 00:35:51', '2017-05-24 00:36:09', NULL),
(72, 17380, 49520, 'finish', 'sale', 13702920, 56, 311879021, 2, 2, '2017-05-24 00:38:02', '2017-05-24 00:39:36', NULL),
(73, 7500, 15840, 'finish', 'sale', 10280427, 57, 306372849, 2, 1, '2017-05-24 00:41:04', '2017-05-24 00:41:20', NULL),
(74, 18800, 49520, 'finish', 'sale', 19522605, 52, 8280, 2, 1, '2017-05-24 00:44:44', '2017-05-24 00:45:13', NULL),
(75, 45440, 15520, 'finish', 'purchase', 18092102, 29, 800215029, 2, 7, '2017-05-24 00:47:18', '2017-05-24 00:47:31', NULL),
(76, 17620, 38120, 'finish', 'sale', 10824288, 35, 898740, 2, 1, '2017-05-29 20:13:21', '2017-05-29 20:13:32', NULL),
(77, 16220, 39640, 'finish', 'sale', 11427957, 59, 294704930, 2, 2, '2017-05-29 20:18:36', '2017-05-29 20:18:52', NULL),
(78, 19240, 50340, 'finish', 'sale', 8906581, 60, 406749818, 2, 1, '2017-05-29 20:27:07', '2017-05-29 20:27:31', NULL),
(79, 4220, 10360, 'finish', 'sale', 9476306, 38, 306343202, 2, 1, '2017-05-29 20:48:12', '2017-05-29 20:48:38', NULL),
(80, 7560, 17860, 'finish', 'sale', 11953978, 39, 306343202, 2, 1, '2017-05-29 20:54:03', '2017-05-29 20:54:17', NULL),
(81, 6840, 9000, 'finish', 'sale', 8217200, 5, 800215028, 2, 2, '2017-05-29 21:02:43', '2017-05-29 21:02:54', NULL),
(82, 17980, 40620, 'finish', 'sale', 4345094, 61, 407407481, 2, 1, '2017-05-29 21:07:27', '2017-05-29 21:07:40', NULL),
(83, 17100, 37600, 'finish', 'sale', 8622074, 58, 407407481, 2, 1, '2017-05-29 23:32:03', '2017-05-29 23:32:27', NULL),
(84, 46500, 30740, 'finish', 'purchase', 814089, 28, 800215029, 2, 7, '2017-05-29 23:35:16', '2017-05-29 23:37:53', NULL),
(85, 46500, 0, 'finish', 'purchase', 814089, 18, 800215029, 2, 7, '2017-05-29 23:37:20', '2017-05-29 23:38:24', NULL),
(86, 48200, 30880, 'finish', 'sale', 17633357, 45, 800215029, 2, 7, '2017-05-30 21:21:09', '2017-05-30 21:21:24', NULL),
(87, 17980, 42700, 'finish', 'sale', 7220278, 14, 8280, 2, 1, '2017-05-31 23:35:35', '2017-05-31 23:35:46', NULL),
(88, 17740, 42480, 'finish', 'sale', 12518364, 63, 8280, 2, 1, '2017-05-31 23:37:57', '2017-05-31 23:38:11', NULL),
(89, 18760, 43640, 'finish', 'sale', 11105975, 64, 8280, 2, 1, '2017-05-31 23:40:44', '2017-05-31 23:40:56', NULL),
(90, 17620, 48860, 'finish', 'sale', 7096978, 65, 8280, 2, 1, '2017-05-31 23:43:20', '2017-05-31 23:43:32', NULL),
(91, 17100, 46200, 'finish', 'sale', 14078641, 66, 8280, 2, 1, '2017-05-31 23:44:59', '2017-05-31 23:45:10', NULL),
(92, 16200, 38680, 'finish', 'sale', 11427957, 59, 294704930, 2, 2, '2017-05-31 23:46:59', '2017-05-31 23:47:10', NULL),
(93, 18600, 49680, 'finish', 'sale', 19522605, 52, 303640699, 2, 1, '2017-05-31 23:48:07', '2017-05-31 23:48:18', NULL),
(94, 17340, 42260, 'finish', 'sale', 14378462, 67, 111111, 2, 1, '2017-06-01 00:02:57', '2017-06-01 00:03:06', NULL),
(95, 18320, 47580, 'finish', 'sale', 14985060, 51, 111111, 2, 1, '2017-06-01 00:03:56', '2017-06-01 00:04:08', NULL),
(96, 17980, 42880, 'finish', 'sale', 12518364, 63, 111111, 2, 1, '2017-06-01 00:05:10', '2017-06-01 00:05:31', NULL),
(97, 17760, 47040, 'finish', 'sale', 1114987, 68, 111111, 2, 1, '2017-06-01 00:09:59', '2017-06-01 00:10:09', NULL),
(98, 18780, 49780, 'finish', 'sale', 11105975, 64, 308414026, 2, 1, '2017-06-01 00:16:48', '2017-06-01 00:17:04', NULL),
(99, 46120, 30141, 'finish', 'sale', 814089, 28, 800215029, 2, 7, '2017-06-01 00:22:28', '2017-06-01 00:22:47', NULL),
(100, 47660, 29766, 'finish', 'sale', 8944067, 14, 800215029, 2, 7, '2017-06-01 00:25:06', '2017-06-01 00:25:19', NULL),
(101, 45860, 29706, 'finish', 'purchase', 13216984, 27, 800215029, 2, 7, '2017-06-02 18:50:39', '2017-06-02 18:50:53', NULL),
(102, 46940, 29377, 'finish', 'purchase', 16572753, 45, 800215029, 2, 7, '2017-06-02 18:51:45', '2017-06-02 18:52:00', NULL),
(103, 45240, 15780, 'finish', 'purchase', 814089, 69, 800215029, 2, 7, '2017-06-02 18:58:24', '2017-06-02 18:58:54', NULL),
(104, 47360, 17020, 'finish', 'purchase', 8944067, 14, 800215029, 2, 7, '2017-06-02 19:41:00', '2017-06-02 19:41:18', NULL),
(105, 18280, 49220, 'finish', 'sale', 14985060, 51, 8280, 2, 1, '2017-06-02 19:55:20', '2017-06-05 18:35:55', NULL),
(106, 17580, 48720, 'finish', 'sale', 12518364, 63, 8280, 2, 1, '2017-06-02 19:56:06', '2017-06-05 18:36:17', NULL),
(107, 18560, 49220, 'finish', 'sale', 19522605, 52, 8280, 2, 1, '2017-06-02 19:57:05', '2017-06-05 18:35:21', NULL),
(108, 14960, 12860, 'finish', 'sale', 16650221, 70, 12345, 2, 8, '2017-06-05 18:48:40', '2017-06-05 18:48:51', NULL),
(109, 16760, 47520, 'finish', 'sale', 5239593, 71, 308414026, 2, 1, '2017-06-06 16:34:35', '2017-06-06 16:35:01', NULL),
(110, 7720, 15720, 'finish', 'sale', 11953978, 39, 306343202, 2, 1, '2017-06-06 23:53:50', '2017-06-06 23:56:00', NULL),
(111, 16580, 33380, 'finish', 'sale', 15434027, 72, 200106263, 2, 1, '2017-06-06 23:59:19', '2017-06-06 23:59:29', NULL),
(112, 27120, 17160, 'finish', 'purchase', 17633357, 45, 800215029, 2, 7, '2017-06-07 00:05:54', '2017-06-07 00:06:10', NULL),
(113, 18140, 38660, 'finish', 'sale', 4345094, 73, 407407481, 2, 1, '2017-06-07 20:31:40', '2017-06-07 20:31:52', NULL),
(114, 52080, 20880, 'finish', 'purchase', 11751008, 74, 12345, 2, 4, '2017-06-07 20:46:34', '2017-06-07 20:55:42', NULL),
(115, 17340, 44040, 'finish', 'sale', 8889299, 75, 8280, 2, 1, '2017-06-09 19:11:55', '2017-06-09 19:12:06', NULL),
(116, 18100, 44720, 'finish', 'sale', 12207199, 76, 8280, 2, 1, '2017-06-09 19:44:58', '2017-06-09 19:45:09', NULL),
(117, 17300, 48640, 'finish', 'sale', 12518364, 63, 8280, 2, 1, '2017-06-09 23:31:08', '2017-06-09 23:32:08', NULL),
(118, 18360, 43080, 'finish', 'sale', 14985060, 51, 8280, 2, 1, '2017-06-09 23:34:37', '2017-06-09 23:35:20', NULL),
(119, 18520, 45200, 'finish', 'sale', 11105975, 64, 8280, 2, 1, '2017-06-09 23:37:57', '2017-06-09 23:38:10', NULL),
(120, 18540, 39880, 'finish', 'sale', 9739096, 55, 311879021, 2, 2, '2017-06-13 00:56:37', '2017-06-13 00:57:02', NULL),
(121, 16900, 38300, 'finish', 'sale', 9557123, 77, 311879021, 2, 2, '2017-06-13 01:03:05', '2017-06-13 01:03:16', NULL),
(122, 17480, 38540, 'finish', 'sale', 13703920, 56, 311879021, 2, 2, '2017-06-13 01:05:15', '2017-06-13 01:05:27', NULL),
(123, 18660, 37300, 'finish', 'sale', 14001802, 54, 311879021, 2, 2, '2017-06-13 01:07:22', '2017-06-13 01:07:34', NULL),
(124, 51680, 20920, 'finish', 'purchase', 10047389, 78, 12345, 2, 4, '2017-06-13 01:12:14', '2017-06-13 01:12:25', NULL),
(125, 3960, 5400, 'finish', 'sale', 13666523, 79, 405514442, 2, 2, '2017-06-20 19:44:04', '2017-06-20 19:44:15', NULL),
(126, 17720, 48900, 'finish', 'sale', 10824288, 35, 898740, 2, 1, '2017-06-21 23:42:05', '2017-06-21 23:42:17', NULL),
(127, 7380, 12600, 'finish', 'sale', 9813883, 80, 304986440, 2, 2, '2017-06-22 20:06:37', '2017-06-22 20:06:50', NULL),
(128, 3340, 3620, 'finish', 'sale', 19416213, 81, 407089633, 2, 2, '2017-06-22 20:45:24', '2017-06-22 20:45:51', NULL),
(129, 46100, 15980, 'finish', 'sale', 13216984, 27, 800215029, 2, 7, '2017-06-22 21:25:54', '2017-06-23 00:27:49', NULL),
(130, 45620, 15660, 'finish', 'purchase', 15434027, 24, 800215029, 2, 7, '2017-06-23 00:24:41', '2017-06-23 00:29:00', NULL),
(131, 45620, 16080, 'finish', 'purchase', 15603591, 24, 800215029, 2, 7, '2017-06-23 00:27:27', '2017-06-28 21:09:55', NULL),
(132, 18220, 49260, 'finish', 'sale', 7220278, 62, 8280, 2, 1, '2017-06-23 00:51:13', '2017-06-23 00:51:28', NULL),
(133, 18200, 49520, 'finish', 'sale', 13134003, 82, 8280, 2, 1, '2017-06-23 00:53:44', '2017-06-23 00:53:55', NULL),
(134, 17540, 48420, 'finish', 'sale', 11522136, 83, 8280, 2, 1, '2017-06-23 00:55:33', '2017-06-23 00:55:46', NULL),
(135, 46440, 30320, 'finish', 'sale', 16572753, 24, 800215029, 2, 7, '2017-06-27 21:11:28', '2017-06-27 21:11:46', NULL),
(136, 6880, 9600, 'finish', 'sale', 8217200, 5, 800215028, 2, 2, '2017-06-27 21:14:51', '2017-06-27 21:15:13', NULL),
(137, 46960, 16180, 'finish', 'purchase', 15603591, 1, 800215029, 2, 7, '2017-06-27 21:17:52', '2017-06-27 23:07:35', NULL),
(138, 46620, 16120, 'finish', 'purchase', 15603591, 84, 800215029, 2, 7, '2017-06-28 20:31:11', '2017-06-29 21:33:35', NULL),
(139, 7060, 11200, 'finish', 'sale', 10094107, 7, 313923290, 2, 2, '2017-06-28 20:32:33', '2017-06-28 20:32:47', NULL),
(140, 46560, 15660, 'finish', 'purchase', 13216984, 27, 800215029, 2, 7, '2017-06-28 21:38:06', '2017-06-28 22:29:27', NULL),
(141, 46340, 15760, 'finish', 'purchase', 8913764, 85, 12345, 2, 4, '2017-06-28 23:07:24', '2017-06-28 23:57:25', NULL),
(142, 18700, 49940, 'finish', 'sale', 11105975, 86, 8280, 2, 1, '2017-06-29 18:54:48', '2017-06-30 17:18:01', NULL),
(143, 18000, 49620, 'finish', 'sale', 7400191, 87, 8280, 2, 1, '2017-06-29 19:11:50', '2017-06-30 17:55:14', NULL),
(144, 16200, 45900, 'finish', 'sale', 14848609, 89, 8280, 2, 1, '2017-06-29 19:28:12', '2017-06-30 17:23:30', NULL),
(145, 17840, 49040, 'finish', 'sale', 4863505, 90, 8280, 2, 1, '2017-06-29 19:31:23', '2017-06-30 17:28:13', NULL),
(146, 45940, 29700, 'finish', 'purchase', 15603591, 84, 800215029, 2, 7, '2017-06-29 20:59:52', '2017-07-07 01:07:26', NULL),
(147, 48120, 30471, 'finish', 'purchase', 16572793, 24, 800215029, 2, 7, '2017-06-29 21:00:37', '2017-07-07 01:07:47', NULL),
(148, 16840, 49940, 'finish', 'sale', 18762428, 91, 309473859, 2, 2, '2017-06-30 19:22:35', '2017-06-30 19:22:47', NULL),
(149, 17760, 44080, 'finish', 'sale', 7096978, 65, 309473859, 2, 2, '2017-06-30 19:23:41', '2017-06-30 19:23:51', NULL),
(150, 17660, 46520, 'finish', 'sale', 15529647, 92, 309473859, 2, 2, '2017-06-30 19:26:30', '2017-06-30 19:26:44', NULL),
(151, 17220, 34640, 'finish', 'sale', 14078641, 66, 309473859, 2, 2, '2017-06-30 19:27:32', '2017-06-30 19:27:42', NULL),
(152, 17200, 47860, 'finish', 'sale', 16572753, 45, 308414026, 2, 1, '2017-07-01 00:04:21', '2017-07-01 00:04:34', NULL),
(153, 17460, 48740, 'finish', 'sale', 8899930, 93, 407407481, 2, 1, '2017-07-01 00:09:08', '2017-07-01 00:09:20', NULL),
(154, 16880, 43700, 'finish', 'sale', 16050693, 94, 830053, 2, 1, '2017-07-04 18:41:57', '2017-07-04 18:42:15', NULL),
(155, 17220, 42260, 'finish', 'sale', 6130516, 95, 830053, 2, 1, '2017-07-04 18:48:03', '2017-07-04 18:48:21', NULL),
(156, 16400, 43160, 'finish', 'sale', 14560068, 96, 830053, 2, 1, '2017-07-04 18:58:50', '2017-07-04 18:59:51', NULL),
(157, 16740, 41440, 'finish', 'sale', 7251991, 97, 830053, 2, 1, '2017-07-04 19:02:35', '2017-07-04 19:02:55', NULL),
(158, 16420, 32700, 'finish', 'sale', 10813101, 98, 200106263, 2, 1, '2017-07-04 19:43:36', '2017-07-04 20:35:21', NULL),
(159, 51860, 20920, 'finish', 'purchase', 14653200, 99, 12345, 2, 4, '2017-07-04 22:59:38', '2017-07-05 01:06:42', NULL),
(160, 45940, 29700, 'finish', 'purchase', 15603591, 84, 800215029, 2, 7, '2017-07-07 00:04:35', '2017-07-07 01:05:51', NULL),
(161, 35620, 17500, 'finish', 'sale', 15529647, 92, 8280, 2, 1, '2017-07-07 20:27:10', '2017-07-07 20:40:55', NULL),
(162, 17500, 44560, 'finish', 'sale', 15529647, 92, 8280, 2, 1, '2017-07-07 20:42:08', '2017-07-07 22:30:05', NULL),
(163, 38740, 17380, 'finish', 'sale', 8054293, 100, 8280, 2, 1, '2017-07-07 20:43:39', '2017-07-07 20:43:56', NULL),
(164, 35380, 17660, 'finish', 'purchase', 11522136, 83, 8280, 2, 1, '2017-07-07 20:46:21', '2017-07-07 20:46:36', NULL),
(165, 17380, 44520, 'finish', 'sale', 8054293, 100, 8280, 2, 1, '2017-07-07 20:49:26', '2017-07-07 22:30:36', NULL),
(166, 17660, 34500, 'finish', 'sale', 11522136, 83, 8280, 2, 1, '2017-07-07 20:50:20', '2017-07-10 22:39:40', NULL),
(167, 38620, 17240, 'finish', 'purchase', 14078641, 66, 8280, 2, 2, '2017-07-07 20:51:11', '2017-07-07 20:51:29', NULL),
(168, 17240, 42520, 'finish', 'sale', 14078641, 66, 8280, 2, 1, '2017-07-07 20:52:04', '2017-07-07 22:31:43', NULL),
(169, 17000, 47840, 'finish', 'sale', 5239593, 71, 302966922, 2, 1, '2017-07-07 20:53:36', '2017-07-07 22:33:12', NULL),
(170, 4240, 17180, 'finish', 'sale', 11953978, 39, 306343202, 2, 1, '2017-07-10 22:37:03', '2017-07-10 22:37:23', NULL),
(171, 7620, 10600, 'finish', 'sale', 9476306, 101, 306343202, 2, 1, '2017-07-10 22:39:19', '2017-07-10 22:39:28', NULL),
(172, 47400, 16020, 'finish', 'purchase', 8946391, 102, 12345, 2, 4, '2017-07-10 23:13:27', '2017-07-10 23:13:43', NULL),
(173, 11860, 26080, 'finish', 'sale', 12699584, 103, 308414026, 2, 2, '2017-07-11 18:07:09', '2017-07-11 18:38:36', NULL),
(174, 18600, 46880, 'finish', 'sale', 14308603, 104, 304986440, 3, 2, '2017-07-21 08:47:19', '2017-07-21 11:03:09', NULL),
(175, 45800, 15800, 'finish', 'purchase', 19120974, 24, 800215029, 3, 7, '2017-07-21 11:14:59', '2017-07-21 11:47:29', NULL),
(176, 52180, 20880, 'finish', 'purchase', 10049071, 105, 12345, 3, 4, '2017-07-25 23:05:25', '2017-07-25 23:05:58', NULL),
(177, 18220, 49020, 'finish', 'sale', 4345094, 73, 308414026, 3, 1, '2017-07-26 23:06:13', '2017-07-27 00:36:11', NULL),
(178, 46700, 15660, 'finish', 'purchase', 814089, 69, 800215029, 3, 7, '2017-07-27 00:11:42', '2017-07-27 00:12:22', NULL),
(179, 47620, 16940, 'finish', 'purchase', 9949531, 106, 800215029, 3, 7, '2017-07-27 00:33:12', '2017-07-27 00:33:36', NULL),
(180, 46380, 15440, 'finish', 'purchase', 8134172, 69, 800215029, 3, 7, '2017-07-27 00:37:57', '2017-07-27 16:44:13', NULL),
(181, 47360, 17260, 'finish', 'purchase', 15543596, 107, 800215029, 3, 7, '2017-07-27 00:39:36', '2017-07-27 16:46:15', NULL),
(182, 47260, 17040, 'finish', 'purchase', 15543596, 16, 800215029, 3, 7, '2017-07-28 21:38:17', '2017-07-28 22:25:02', NULL),
(183, 45800, 15360, 'finish', 'purchase', 8134172, 15, 800215029, 3, 7, '2017-07-28 21:57:43', '2017-07-28 23:47:20', NULL),
(184, 47000, 16600, 'finish', 'purchase', 9949531, 106, 800215029, 3, 7, '2017-07-28 22:07:12', '2017-07-28 23:46:34', NULL),
(185, 45480, 15420, 'finish', 'sale', 814089, 69, 800215029, 3, 7, '2017-07-28 23:46:14', '2017-07-29 00:59:19', NULL),
(186, 47460, 16080, 'finish', 'purchase', 8946391, 102, 12345, 3, 4, '2017-07-31 20:56:46', '2017-07-31 23:28:47', NULL),
(187, 16760, 48220, 'finish', 'sale', 10176578, 109, 8280, 3, 1, '2017-07-31 21:16:05', '2017-08-01 20:11:12', NULL),
(188, 16600, 48260, 'finish', 'sale', 14152704, 110, 8280, 3, 1, '2017-07-31 21:17:02', '2017-08-01 20:11:51', NULL),
(189, 17920, 47480, 'finish', 'sale', 9345313, 111, 8280, 3, 1, '2017-07-31 21:17:45', '2017-08-01 20:13:13', NULL),
(190, 13020, 11600, 'finish', 'purchase', 16500551, 70, 12345, 3, 8, '2017-08-01 20:37:52', '2017-08-01 21:26:40', NULL),
(191, 17760, 0, 'finish', 'sale', 7630543, 113, 8280, 3, 1, '2017-08-02 21:32:07', '2017-08-03 16:46:50', '2017-08-03 16:46:50'),
(192, 46860, 16960, 'finish', 'sale', 680628, 20, 800215029, 3, 7, '2017-08-02 23:56:46', '2017-08-03 00:16:48', NULL),
(193, 47480, 16500, 'finish', 'purchase', 16025195, 117, 800215029, 3, 7, '2017-08-03 00:01:48', '2017-08-03 00:53:16', NULL),
(194, 47200, 17240, 'finish', 'purchase', 19022271, 118, 800215029, 3, 7, '2017-08-03 00:04:30', '2017-08-03 00:54:51', NULL),
(195, 52020, 20800, 'finish', 'purchase', 8906667, 119, 12345, 3, 4, '2017-08-03 00:15:37', '2017-08-03 16:03:01', NULL),
(196, 49480, 19600, 'finish', 'purchase', 11308363, 120, 800215029, 3, 7, '2017-08-03 16:44:18', '2017-08-03 16:44:33', NULL),
(197, 17760, 40100, 'finish', 'sale', 7630543, 113, 784308308, 3, 2, '2017-08-03 16:52:33', '2017-08-03 16:53:13', NULL),
(198, 16500, 47700, 'finish', 'sale', 10189007, 114, 308414026, 3, 1, '2017-08-03 16:55:43', '2017-08-03 16:56:16', NULL),
(199, 17520, 43140, 'finish', 'sale', 8793694, 115, 784308308, 3, 2, '2017-08-03 16:57:22', '2017-08-03 16:57:38', NULL),
(200, 17300, 48720, 'finish', 'sale', 16572753, 45, 308414026, 3, 1, '2017-08-03 17:01:04', '2017-08-03 17:06:39', NULL),
(201, 17040, 41700, 'finish', 'sale', 20357354, 121, 8280, 3, 1, '2017-08-03 18:25:39', '2017-08-03 23:11:51', NULL),
(202, 19220, 40480, 'finish', 'sale', 15819316, 122, 8280, 3, 1, '2017-08-03 18:26:57', '2017-08-03 23:14:23', NULL),
(203, 15680, 41840, 'finish', 'sale', 13701452, 123, 8280, 3, 1, '2017-08-03 18:28:05', '2017-08-03 23:13:10', NULL),
(204, 16600, 45920, 'finish', 'sale', 11995765, 124, 308414026, 3, 1, '2017-08-03 21:03:37', '2017-08-03 22:56:57', NULL),
(205, 48060, 17240, 'finish', 'purchase', 19022271, 118, 800215029, 3, 7, '2017-08-04 23:17:10', '2017-08-04 23:17:28', NULL),
(206, 47720, 19940, 'finish', 'purchase', 6890628, 20, 800215029, 3, 7, '2017-08-04 23:35:04', '2017-08-04 23:35:40', NULL),
(207, 49840, 19560, 'finish', 'purchase', 11308363, 125, 800215029, 3, 7, '2017-08-04 23:49:26', '2017-08-04 23:50:23', NULL),
(208, 45260, 15540, 'finish', 'purchase', 814089, 28, 800215029, 3, 7, '2017-08-04 23:52:30', '2017-08-05 00:27:33', NULL),
(209, 51620, 20780, 'finish', 'purchase', 8911364, 126, 12345, 3, 4, '2017-08-07 22:49:51', '2017-08-08 00:34:44', NULL),
(210, 17320, 42060, 'finish', 'sale', 13703920, 56, 311879021, 3, 2, '2017-08-09 19:27:35', '2017-08-09 21:37:00', NULL),
(211, 16960, 41800, 'finish', 'sale', 9557123, 77, 311879021, 3, 2, '2017-08-09 19:43:48', '2017-08-09 21:37:15', NULL),
(212, 18600, 43600, 'finish', 'sale', 9739096, 55, 311879021, 3, 2, '2017-08-09 19:46:07', '2017-08-09 21:37:51', NULL),
(213, 17540, 48520, 'finish', 'sale', 8793694, 115, 8280, 3, 1, '2017-08-09 20:37:57', '2017-08-09 20:38:29', NULL),
(214, 18280, 43720, 'finish', 'sale', 16421656, 51, 8280, 3, 1, '2017-08-09 20:39:39', '2017-08-09 21:01:40', NULL),
(215, 18700, 41900, 'finish', 'sale', 19522605, 52, 8280, 3, 1, '2017-08-09 20:41:25', '2017-08-09 21:00:42', NULL),
(216, 17840, 40640, 'finish', 'sale', 12518364, 63, 8280, 3, 1, '2017-08-09 20:42:21', '2017-08-09 20:59:51', NULL),
(217, 46060, 0, 'finish', 'sale', 8962125, 128, 800215029, 3, 7, '2017-08-10 00:55:54', '2017-08-10 00:58:25', '2017-08-10 00:58:25'),
(218, 46060, 16220, 'finish', 'purchase', 8962125, 128, 800215029, 3, 7, '2017-08-10 00:58:02', '2017-08-10 16:22:27', NULL),
(219, 52800, 22080, 'finish', 'purchase', 24847053, 129, 800215029, 3, 7, '2017-08-10 16:37:38', '2017-08-10 16:37:52', NULL),
(220, 16340, 24200, 'finish', 'sale', 10813795, 130, 200106263, 3, 1, '2017-08-10 23:20:26', '2017-08-10 23:20:39', NULL),
(221, 17160, 48120, 'finish', 'sale', 25694275, 132, 407407481, 3, 1, '2017-08-10 23:27:43', '2017-08-11 16:50:21', NULL),
(222, 46480, 16520, 'finish', 'purchase', 10189007, 114, 800215029, 3, 7, '2017-08-11 00:19:38', '2017-08-11 00:57:03', NULL),
(223, 46780, 0, 'finish', 'purchase', 15603591, 27, 800215029, 3, 7, '2017-08-11 00:26:34', '2017-08-11 16:16:57', '2017-08-11 16:16:57'),
(224, 46780, 0, 'finish', 'purchase', 15603591, 27, 800215029, 3, 7, '2017-08-11 16:14:38', '2017-08-11 16:16:42', '2017-08-11 16:16:42'),
(225, 46780, 15820, 'finish', 'purchase', 15603591, 27, 800215029, 3, 7, '2017-08-11 16:19:22', '2017-08-11 16:19:53', NULL),
(226, 37000, 15740, 'finish', 'purchase', 12190410, 133, 12345, 3, 4, '2017-08-11 18:43:09', '2017-08-11 20:58:58', NULL),
(227, 47020, 17120, 'finish', 'purchase', 17633357, 45, 800215029, 3, 7, '2017-08-11 21:25:20', '2017-08-11 21:37:28', NULL),
(228, 47180, 16440, 'finish', 'purchase', 10189007, 114, 800215029, 3, 7, '2017-08-11 21:28:30', '2017-08-11 22:44:52', NULL),
(229, 17120, 32882, 'finish', 'sale', 17633357, 116, 298275111, 3, 2, '2017-08-11 23:18:20', '2017-08-14 16:43:33', NULL),
(230, 49620, 19580, 'finish', 'purchase', 11308363, 125, 800215029, 3, 7, '2017-08-14 16:54:19', '2017-08-14 16:56:18', NULL),
(231, 51240, 20480, 'finish', 'purchase', 8906667, 119, 12345, 3, 4, '2017-08-14 18:05:17', '2017-08-14 21:20:10', NULL),
(232, 46280, 16500, 'finish', 'purchase', 10189007, 114, 800215029, 3, 7, '2017-08-14 21:52:25', '2017-08-14 23:41:06', NULL),
(233, 45980, 15720, 'finish', 'purchase', 13216984, 27, 800215029, 3, 7, '2017-08-14 23:42:22', '2017-08-14 23:42:33', NULL),
(234, 12580, 11180, 'finish', 'purchase', 16500551, 70, 12345, 3, 8, '2017-08-14 23:44:42', '2017-08-15 00:36:25', '2017-08-15 00:36:25'),
(235, 46580, 0, 'finish', 'purchase', 15603591, 135, 12345, 3, 7, '2017-08-15 00:32:49', '2017-08-15 00:37:30', NULL),
(236, 12580, 11080, 'finish', 'purchase', 16500551, 70, 12345, 3, 8, '2017-08-15 00:35:44', '2017-08-15 00:37:33', '2017-08-15 00:37:33'),
(237, 46580, 16080, 'finish', 'purchase', 15603591, 135, 800215029, 3, 7, '2017-08-15 00:38:23', '2017-08-15 01:00:49', NULL),
(238, 4360, 10540, 'finish', 'sale', 9476306, 101, 306343202, 3, 1, '2017-08-15 20:03:19', '2017-08-15 20:04:13', NULL),
(239, 7580, 18040, 'finish', 'sale', 11953978, 134, 306343202, 3, 1, '2017-08-15 20:12:37', '2017-08-15 20:13:01', NULL),
(240, 4020, 6680, 'finish', 'sale', 14880054, 136, 312488689, 3, 2, '2017-08-15 20:38:28', '2017-08-15 20:42:35', NULL),
(241, 4020, 0, 'finish', 'sale', 14880054, 136, 312488689, 3, 2, '2017-08-15 20:41:45', '2017-08-15 20:42:51', '2017-08-15 20:42:51'),
(242, 18500, 49580, 'finish', 'sale', 19522605, 127, 406186864, 3, 1, '2017-08-15 22:15:57', '2017-08-15 22:16:19', NULL),
(243, 17600, 48780, 'finish', 'sale', 12518364, 63, 406186864, 3, 1, '2017-08-15 22:18:46', '2017-08-15 22:20:09', NULL),
(244, 18080, 49040, 'finish', 'sale', 16421656, 51, 406186864, 3, 1, '2017-08-15 22:22:35', '2017-08-15 22:23:31', NULL),
(245, 18260, 49080, 'finish', 'sale', 14019770, 34, 898740, 3, 1, '2017-08-15 22:29:52', '2017-08-15 22:31:03', NULL),
(246, 17380, 46720, 'finish', 'sale', 13038885, 138, 314012657, 3, 1, '2017-08-17 16:33:14', '2017-08-17 16:33:30', NULL),
(247, 46320, 15560, 'finish', 'purchase', 8883715, 140, 12345, 3, 4, '2017-08-18 21:09:55', '2017-08-19 00:54:12', NULL),
(248, 16280, 25980, 'finish', 'sale', 10813795, 98, 200106263, 3, 1, '2017-08-18 21:16:19', '2017-08-18 21:41:25', NULL),
(249, 18080, 30680, 'finish', 'sale', 12560824, 141, 405514442, 3, 2, '2017-08-19 01:04:14', '2017-08-19 01:04:35', NULL),
(250, 17000, 43980, 'finish', 'sale', 20357354, 121, 8280, 3, 1, '2017-08-21 21:03:59', '2017-08-21 21:04:18', NULL),
(251, 17260, 44460, 'finish', 'sale', 14378462, 67, 8280, 3, 1, '2017-08-21 21:05:58', '2017-08-22 00:31:19', '2017-08-22 00:31:19'),
(252, 17500, 44500, 'finish', 'sale', 8793694, 115, 1723172, 3, 1, '2017-08-21 21:10:27', '2017-08-21 21:10:39', NULL),
(253, 17700, 45800, 'finish', 'sale', 11114987, 68, 8280, 3, 1, '2017-08-21 21:14:26', '2017-08-21 21:14:37', NULL),
(254, 15900, 20500, 'finish', 'sale', 16744035, 142, 407407481, 3, 1, '2017-08-21 21:19:11', '2017-10-09 18:24:06', NULL),
(255, 17620, 42380, 'finish', 'sale', 7630543, 113, 1723172, 3, 1, '2017-08-21 21:20:57', '2017-08-21 22:36:15', NULL),
(256, 17480, 48460, 'finish', 'sale', 13169278, 143, 308414026, 3, 1, '2017-08-21 22:46:57', '2017-08-21 23:48:01', NULL),
(257, 17020, 48440, 'finish', 'sale', 20357354, 144, 308414026, 2, 1, '2017-08-24 18:30:31', '2017-08-24 23:01:08', NULL),
(258, 17800, 38360, 'finish', 'sale', 7630543, 113, 8280, 2, 1, '2017-08-24 18:33:08', '2017-08-24 19:50:39', NULL),
(259, 17540, 38500, 'finish', 'sale', 8793694, 115, 8280, 2, 1, '2017-08-24 18:34:26', '2017-08-24 19:54:38', NULL),
(260, 17540, 48440, 'finish', 'sale', 20357354, 58, 308414026, 2, 1, '2017-08-24 23:00:49', '2017-09-14 20:01:54', NULL),
(261, 47200, 30200, 'finish', 'purchase', 11172470, 74, 12345, 2, 4, '2017-08-28 23:30:06', '2017-09-21 17:28:00', NULL),
(262, 17020, 38320, 'finish', 'sale', 13703920, 56, 311879021, 2, 2, '2017-09-01 18:20:33', '2017-09-14 20:04:04', NULL),
(263, 18180, 39520, 'finish', 'sale', 9739096, 55, 311879021, 2, 2, '2017-09-01 18:21:13', '2017-09-14 20:05:07', NULL),
(264, 16880, 38320, 'finish', 'sale', 9557123, 77, 311879021, 2, 2, '2017-09-01 18:21:52', '2017-09-14 20:04:51', NULL),
(265, 3980, 10460, 'finish', 'sale', 9476306, 38, 306343202, 2, 1, '2017-09-20 17:33:19', '2017-09-20 19:50:23', NULL),
(266, 7380, 10460, 'finish', 'sale', 11953978, 39, 306343202, 2, 1, '2017-09-20 17:35:22', '2017-09-21 17:27:41', NULL),
(267, 15600, 15600, 'finish', 'sale', 17633357, 116, 308414026, 2, 1, '2017-09-20 23:03:38', '2017-09-21 17:27:14', NULL),
(268, 15380, 44580, 'finish', 'sale', 17633357, 45, 308414026, 2, 1, '2017-09-21 20:13:55', '2017-09-22 00:27:03', NULL),
(269, 15220, 20520, 'finish', 'sale', 20357354, 121, 8280, 2, 1, '2017-09-21 20:14:50', '2017-10-09 18:23:56', NULL),
(270, 15680, 20150, 'finish', 'sale', 8793694, 115, 8280, 2, 1, '2017-09-21 21:24:54', '2017-10-09 18:23:41', NULL),
(271, 2740, 3340, 'finish', 'sale', 16520549, 145, 405514442, 2, 2, '2017-09-22 00:22:46', '2017-09-22 00:29:03', NULL),
(272, 15420, 44000, 'finish', 'sale', 7630543, 113, 784308308, 2, 2, '2017-09-25 20:25:41', '2017-09-25 23:37:52', NULL),
(273, 14780, 26687, 'finish', 'sale', 20357354, 121, 784308308, 2, 2, '2017-09-25 20:28:10', '2017-09-25 23:35:48', NULL),
(274, 15700, 46160, 'finish', 'sale', 16572753, 146, 308414026, 2, 1, '2017-09-26 20:35:35', '2017-09-26 21:46:29', NULL),
(275, 15580, 39640, 'finish', 'sale', 12813797, 147, 898740, 2, 1, '2017-09-26 20:47:14', '2017-09-26 20:47:31', NULL),
(276, 9080, 11160, 'finish', 'sale', 15442928, 148, 306387773, 2, 2, '2017-09-26 21:56:11', '2017-09-27 00:05:58', NULL),
(277, 6540, 8420, 'finish', 'sale', 8217200, 5, 800215028, 2, 2, '2017-09-27 20:55:30', '2017-09-27 20:55:46', NULL),
(278, 14880, 36300, 'finish', 'sale', 10189007, 114, 407407481, 2, 3, '2017-09-28 17:49:26', '2017-09-28 19:59:05', NULL),
(279, 14360, 19940, 'finish', 'sale', 13552176, 72, 200106263, 2, 1, '2017-09-28 20:02:20', '2017-09-28 20:39:12', NULL),
(280, 3360, 4060, 'finish', 'sale', 12944042, 149, 295393032, 2, 2, '2017-10-03 21:00:25', '2017-10-03 21:02:01', NULL),
(281, 6840, 55555, 'finish', 'sale', 16058938, 150, 306372849, 2, 1, '2017-10-05 17:34:36', '2017-10-09 18:22:55', NULL),
(282, 7140, 14800, 'finish', 'sale', 11953978, 134, 306343202, 2, 1, '2017-10-09 16:07:44', '2017-10-09 18:22:13', NULL),
(283, 3620, 10100, 'finish', 'sale', 9476306, 38, 306343202, 2, 1, '2017-10-09 18:18:03', '2017-10-09 18:23:00', '2017-10-09 18:23:00'),
(284, 7140, 8000, 'finish', 'sale', 11953978, 39, 306343202, 2, 1, '2017-10-09 18:20:34', '2017-10-09 18:22:38', '2017-10-09 18:22:38'),
(285, 3620, 10100, 'finish', 'sale', 9476306, 38, 306343202, 2, 1, '2017-10-09 18:25:49', '2017-10-09 18:26:11', NULL),
(286, 39340, 15600, 'finish', 'purchase', 16572753, 151, 800215029, 2, 7, '2017-10-18 23:50:14', '2017-10-19 00:19:03', NULL),
(287, 40340, 14960, 'finish', 'purchase', 17633357, 116, 800215029, 2, 7, '2017-10-18 23:59:24', '2017-10-19 01:01:29', NULL),
(288, 14840, 41720, 'finish', 'sale', 8973694, 113, 8280, 2, 1, '2017-10-24 20:27:48', '2017-10-24 22:31:40', NULL),
(289, 18000, 53540, 'finish', 'sale', 9734781, 153, 308414026, 2, 1, '2017-11-01 23:40:11', '2017-11-02 16:47:44', NULL),
(290, 4160, 4680, 'finish', 'sale', 16809599, 154, 404035257, 2, 2, '2017-11-03 23:09:38', '2017-11-03 23:09:54', NULL),
(291, 17660, 43720, 'finish', 'sale', 4715205, 155, 8280, 2, 2, '2017-11-13 20:17:23', '2017-11-13 23:03:58', NULL),
(292, 19840, 46020, 'finish', 'sale', 8793694, 113, 8280, 2, 2, '2017-11-13 20:29:43', '2017-11-13 23:03:27', NULL),
(293, 14180, 35260, 'finish', 'sale', 14081345, 156, 8280, 2, 2, '2017-11-13 20:32:39', '2017-11-13 23:29:57', NULL),
(294, 5120, 11860, 'finish', 'sale', 9476306, 38, 306343202, 2, 1, '2017-11-14 17:03:07', '2017-11-14 20:04:36', NULL),
(295, 7420, 18680, 'finish', 'sale', 11953978, 39, 306343202, 2, 1, '2017-11-14 17:03:44', '2017-11-14 20:04:52', NULL),
(296, 8140, 9720, 'finish', 'sale', 7054502, 157, 800215028, 2, 2, '2017-11-14 17:06:18', '2017-11-14 18:13:07', NULL),
(297, 3420, 6280, 'finish', 'sale', 14308603, 158, 304986440, 2, 2, '2017-11-16 20:15:25', '2017-11-16 20:55:12', NULL),
(298, 18080, 41520, 'finish', 'sale', 4715205, 155, 8280, 2, 2, '2017-11-17 17:52:26', '2017-11-21 23:45:24', NULL),
(299, 13960, 51800, 'finish', 'sale', 14081345, 160, 8280, 2, 2, '2017-11-17 17:54:42', '2017-11-21 23:45:52', NULL),
(300, 9540, 18880, 'finish', 'sale', 18655503, 46, 8280, 2, 2, '2017-11-21 23:35:18', '2017-11-21 23:45:03', NULL),
(301, 49980, 16700, 'finish', 'sale', 8913764, 161, 12345, 2, 4, '2017-11-22 18:07:22', '2017-11-22 19:52:29', NULL),
(302, 17640, 54080, 'finish', 'sale', 6702979, 162, 406186864, 2, 1, '2017-11-22 23:31:54', '2017-11-23 00:54:58', NULL),
(303, 28000, 18140, 'finish', 'purchase', 8829086, 163, 317363345, 2, 17, '2017-12-04 19:55:55', '2017-12-05 01:13:59', NULL),
(304, 51040, 13000, 'finish', 'purchase', 8883715, 164, 12345, 2, 4, '2017-12-07 20:14:38', '2017-12-11 19:07:30', NULL),
(305, 8300, 19060, 'finish', 'sale', 18655503, 46, 314592009, 2, 2, '2017-12-11 19:08:36', '2017-12-11 20:54:36', NULL),
(306, 4440, 5160, 'finish', 'sale', 12944042, 149, 406485233, 2, 2, '2017-12-14 17:44:40', '2017-12-14 18:17:01', NULL),
(307, 8260, 17040, 'finish', 'sale', 18655503, 46, 314592009, 2, 2, '2017-12-14 18:02:25', '2017-12-14 20:04:42', NULL),
(308, 16640, 47340, 'finish', 'sale', 12185958, 165, 8280, 2, 1, '2018-01-22 19:59:17', '2018-01-23 00:17:10', NULL),
(309, 17760, 48560, 'finish', 'sale', 18477162, 166, 8280, 2, 1, '2018-01-22 19:59:52', '2018-01-23 00:22:07', NULL),
(310, 51180, 20400, 'finish', 'purchase', 8906667, 119, 12345, 2, 4, '2018-01-22 20:04:36', '2018-01-23 00:24:03', NULL),
(311, 16500, 42360, 'finish', 'sale', 4978337, 167, 8280, 2, 1, '2018-01-23 00:27:38', '2018-01-23 00:27:49', NULL),
(312, 18600, 49360, 'finish', 'sale', 15987257, 168, 308414026, 2, 1, '2018-01-23 17:06:14', '2018-01-23 19:27:39', NULL),
(313, 16720, 37300, 'finish', 'sale', 13702920, 56, 311879021, 2, 2, '2018-01-24 17:21:26', '2018-01-24 21:33:54', NULL),
(314, 17860, 39229, 'finish', 'sale', 9739096, 55, 311879021, 2, 2, '2018-01-24 17:22:05', '2018-01-24 21:34:25', NULL),
(315, 16720, 38040, 'finish', 'sale', 9557123, 77, 311879021, 2, 2, '2018-01-24 17:22:38', '2018-01-24 21:35:18', NULL),
(316, 17100, 37680, 'finish', 'sale', 14001802, 54, 311879021, 2, 2, '2018-01-24 17:23:06', '2018-01-24 21:35:37', NULL),
(317, 14860, 45760, 'finish', 'sale', 22008521, 169, 406749818, 2, 1, '2018-01-25 21:21:09', '2018-01-26 00:24:51', NULL),
(318, 17660, 48840, 'finish', 'sale', 8793694, 113, 8280, 2, 1, '2018-01-25 23:07:50', '2018-01-26 00:24:17', NULL),
(319, 16260, 44960, 'finish', 'sale', 8793694, 113, 8280, 2, 1, '2018-01-26 15:00:32', '2018-01-27 00:36:21', NULL),
(320, 17500, 46520, 'finish', 'sale', 15635750, 170, 8280, 2, 1, '2018-01-26 15:05:32', '2018-01-27 00:36:01', NULL),
(321, 17500, 44560, 'finish', 'sale', 7096978, 65, 784308308, 2, 2, '2018-01-30 18:52:01', '2018-01-31 20:55:08', NULL),
(322, 16640, 47300, 'finish', 'sale', 4978337, 167, 406186864, 2, 1, '2018-01-31 20:56:07', '2018-02-01 00:17:03', NULL),
(323, 47340, 17080, 'finish', 'purchase', 17633357, 45, 800215029, 2, 7, '2018-01-31 22:56:15', '2018-01-31 23:29:19', NULL),
(324, 45880, 16120, 'finish', 'purchase', 13216984, 84, 800215029, 2, 7, '2018-01-31 23:50:21', '2018-02-01 00:35:44', NULL),
(325, 47580, 17560, 'finish', 'purchase', 16572793, 151, 800215029, 2, 7, '2018-01-31 23:55:01', '2018-02-01 00:27:58', NULL),
(326, 46940, 17020, 'finish', 'purchase', 17633357, 116, 800215029, 2, 7, '2018-02-01 22:44:09', '2018-02-01 22:44:20', NULL),
(327, 37580, 17560, 'finish', 'purchase', 16572753, 151, 800215029, 2, 7, '2018-02-01 22:45:40', '2018-02-01 22:57:05', NULL),
(328, 17200, 47700, 'finish', 'sale', 4715205, 171, 8280, 2, 1, '2018-02-05 19:27:14', '2018-02-06 16:41:44', NULL),
(329, 13420, 37860, 'finish', 'sale', 14081345, 156, 8280, 2, 1, '2018-02-05 19:46:07', '2018-02-06 16:42:04', NULL),
(330, 16920, 47780, 'finish', 'sale', 14910626, 172, 8280, 2, 1, '2018-02-05 19:47:26', '2018-02-06 16:42:23', NULL),
(331, 46640, 15880, 'finish', 'purchase', 10657727, 1, 12345, 2, 4, '2018-02-06 00:18:56', '2018-02-06 16:41:02', NULL),
(332, 17920, 22740, 'finish', 'sale', 8462635, 173, 311015809, 2, 2, '2018-02-07 19:54:29', '2018-02-08 00:13:30', NULL),
(333, 7240, 13520, 'finish', 'sale', 8697903, 174, 407407481, 2, 1, '2018-02-07 23:05:44', '2018-02-08 00:14:57', NULL),
(334, 18380, 49100, 'finish', 'sale', 15987257, 168, 308414026, 2, 1, '2018-02-14 19:37:05', '2018-02-15 00:46:52', NULL),
(335, 46980, 17460, 'finish', 'purchase', 16572753, 151, 800215029, 2, 7, '2018-02-16 21:22:22', '2018-02-16 22:50:52', NULL),
(336, 45940, 15980, 'finish', 'purchase', 13216984, 84, 800215029, 2, 7, '2018-02-16 21:26:50', '2018-02-16 22:51:09', NULL),
(337, 46720, 17040, 'finish', 'purchase', 17633357, 116, 800215029, 2, 7, '2018-02-16 21:31:17', '2018-02-16 23:04:01', NULL),
(338, 4160, 0, 'finish', 'sale', 12944042, 149, 8280, 2, 1, '2018-02-20 19:32:13', '2018-02-20 19:32:36', NULL),
(339, 4160, 5580, 'finish', 'sale', 12944042, 149, 406485233, 2, 2, '2018-02-20 20:29:21', '2018-02-20 20:29:38', NULL),
(340, 47760, 17400, 'finish', 'purchase', 16572753, 151, 800215029, 2, 7, '2018-02-20 21:14:27', '2018-02-20 21:34:54', NULL),
(341, 46220, 15980, 'finish', 'purchase', 13216984, 84, 800215029, 2, 7, '2018-02-20 22:42:51', '2018-02-20 22:43:33', NULL),
(342, 46860, 16920, 'finish', 'purchase', 8535746, 45, 800215029, 2, 7, '2018-02-20 22:45:27', '2018-02-20 22:50:21', '2018-02-20 22:50:21'),
(343, 46860, 16900, 'finish', 'purchase', 8535746, 116, 800215029, 2, 7, '2018-02-20 22:49:48', '2018-02-20 22:51:31', NULL),
(344, 7220, 9240, 'finish', 'sale', 7054502, 157, 800215028, 2, 1, '2018-02-21 18:04:55', '2018-02-21 19:35:59', NULL),
(345, 47100, 17460, 'finish', 'purchase', 16572753, 151, 800215029, 2, 7, '2018-02-21 21:42:53', '2018-02-21 22:04:24', NULL),
(346, 46060, 15880, 'finish', 'purchase', 13216984, 84, 800215029, 2, 7, '2018-02-21 21:48:07', '2018-02-21 22:20:19', NULL),
(347, 47320, 17080, 'finish', 'purchase', 8535746, 116, 800215029, 2, 7, '2018-02-21 23:24:44', '2018-02-22 00:32:23', NULL),
(348, 37380, 17480, 'finish', 'purchase', 16572753, 151, 800215029, 2, 7, '2018-02-22 21:05:13', '2018-02-22 21:05:30', NULL),
(349, 16080, 46760, 'finish', 'sale', 8799217, 175, 8280, 2, 1, '2018-02-23 17:47:21', '2018-02-23 22:09:49', NULL),
(350, 17360, 47760, 'finish', 'sale', 8793694, 115, 8280, 2, 1, '2018-02-23 17:47:49', '2018-02-23 22:10:58', NULL),
(351, 51280, 20300, 'finish', 'purchase', 8911506, 161, 12345, 2, 4, '2018-02-23 21:00:50', '2018-02-23 22:52:48', NULL),
(352, 16880, 32960, 'finish', 'sale', 8262585, 93, 305787760, 2, 2, '2018-02-27 21:27:22', '2018-02-27 21:27:32', NULL),
(353, 46240, 15246, 'finish', 'purchase', 14040346, 177, 12345, 2, 4, '2018-02-27 21:33:09', '2018-02-27 21:33:36', NULL),
(354, 16120, 46280, 'finish', 'sale', 4595514, 178, 308414026, 1, 1, '2018-02-28 13:49:24', '2018-02-28 18:40:34', NULL),
(355, 17020, 42960, 'finish', 'sale', 18477162, 179, 8280, 1, 1, '2018-02-28 13:45:14', '2018-02-28 20:28:36', NULL),
(356, 15700, 46160, 'finish', 'sale', 4984946, 180, 8280, 1, 1, '2018-02-28 18:15:16', '2018-02-28 20:30:24', NULL),
(357, 14560, 20700, 'finish', 'sale', 12602123, 181, 8280, 1, 1, '2018-02-28 17:39:43', '2018-02-28 20:35:54', NULL),
(358, 17620, 48400, 'finish', 'sale', 11114987, 68, 314012657, 2, 1, '2018-03-01 23:12:58', '2018-03-02 16:29:39', NULL),
(359, 7360, 19580, 'finish', 'sale', 16058938, 150, 306372849, 2, 1, '2018-03-02 16:55:28', '2018-03-02 19:22:58', NULL),
(360, 51210, 20320, 'finish', 'purchase', 11731080, 182, 12345, 2, 4, '2018-03-06 18:27:30', '2018-03-06 20:25:13', NULL),
(361, 16900, 47760, 'finish', 'sale', 8622074, 58, 308414026, 2, 1, '2018-03-07 17:28:37', '2018-03-07 21:18:03', NULL),
(362, 13680, 11620, 'finish', 'purchase', 8957586, 183, 12345, 2, 8, '2018-03-07 22:01:13', '2018-03-07 23:01:49', NULL),
(363, 15880, 42540, 'finish', 'sale', 4595514, 178, 8280, 2, 1, '2018-03-08 19:51:04', '2018-03-09 00:17:36', NULL),
(364, 15060, 41620, 'finish', 'sale', 8889299, 184, 8280, 2, 1, '2018-03-08 19:52:35', '2018-03-09 00:25:45', NULL),
(365, 15760, 40220, 'finish', 'sale', 4984946, 180, 8280, 2, 1, '2018-03-08 19:53:21', '2018-03-09 00:19:09', NULL),
(366, 17100, 41720, 'finish', 'sale', 4978337, 167, 8280, 2, 1, '2018-03-08 23:01:43', '2018-03-12 16:42:45', NULL),
(367, 17900, 48340, 'finish', 'sale', 7833239, 185, 401458319, 2, 1, '2018-03-09 00:27:39', '2018-03-09 00:28:07', NULL),
(368, 51380, 20420, 'finish', 'purchase', 8854167, 186, 12345, 2, 4, '2018-03-12 18:19:26', '2018-03-12 20:10:07', NULL),
(369, 17840, 48640, 'finish', 'sale', 12813797, 147, 8280, 2, 1, '2018-03-13 18:49:33', '2018-03-13 21:40:06', NULL),
(370, 18920, 41100, 'finish', 'sale', 12116159, 188, 305787760, 2, 2, '2018-03-14 19:48:56', '2018-03-15 00:29:51', NULL),
(371, 3760, 8160, 'finish', 'sale', 8262585, 187, 305787760, 2, 2, '2018-03-14 19:49:28', '2018-03-14 23:33:02', NULL),
(372, 45980, 16160, 'finish', 'purchase', 13216984, 84, 800215029, 2, 7, '2018-03-14 20:54:22', '2018-03-14 21:08:04', NULL),
(373, 48040, 17540, 'finish', 'purchase', 16572753, 151, 800215029, 2, 7, '2018-03-14 21:00:24', '2018-03-14 21:19:51', NULL),
(374, 47820, 17240, 'finish', 'purchase', 17633357, 45, 800215029, 2, 7, '2018-03-15 16:46:30', '2018-03-15 16:46:48', NULL),
(375, 30113, 17440, 'finish', 'purchase', 16572753, 151, 800215029, 2, 7, '2018-03-15 16:47:58', '2018-03-15 16:48:10', NULL),
(376, 46520, 17440, 'finish', 'purchase', 13216984, 84, 800215029, 2, 7, '2018-03-15 16:56:02', '2018-03-15 16:56:12', NULL),
(377, 51360, 20380, 'finish', 'purchase', 8911506, 186, 1230726, 2, 4, '2018-03-15 17:55:08', '2018-03-15 21:07:13', NULL),
(378, 48380, 47160, 'finish', 'purchase', 11363993, 189, 54321, 2, 5, '2018-03-15 21:12:41', '2018-03-15 22:07:24', NULL),
(379, 37000, 20220, 'finish', 'sale', 11731080, 126, 12345, 2, 4, '2018-03-19 21:16:07', '2018-03-19 23:08:53', NULL),
(380, 47260, 17040, 'finish', 'purchase', 17633357, 116, 800215029, 2, 7, '2018-03-21 22:08:30', '2018-03-21 23:32:05', NULL),
(381, 47180, 17580, 'finish', 'purchase', 16572753, 151, 800215029, 2, 7, '2018-03-21 22:18:44', '2018-03-21 22:42:46', NULL),
(382, 17580, 30000, 'finish', 'sale', 16572753, 151, 830053, 2, 1, '2018-03-21 22:44:23', '2018-03-21 23:33:33', '2018-03-21 23:33:33'),
(383, 35840, 16540, 'finish', 'sale', 10189007, 190, 800215029, 2, 7, '2018-03-21 23:25:25', '2018-03-21 23:32:28', NULL),
(384, 17040, 43820, 'finish', 'sale', 17663957, 116, 800215029, 2, 1, '2018-03-21 23:35:37', '2018-03-22 18:49:52', NULL),
(385, 7220, 9360, 'finish', 'sale', 7054502, 157, 800215028, 2, 2, '2018-03-22 19:00:05', '2018-03-22 21:16:35', NULL),
(386, 17800, 46360, 'finish', 'sale', 15529647, 62, 8280, 2, 1, '2018-03-22 19:01:07', '2018-03-23 02:35:51', NULL),
(387, 17360, 46060, 'finish', 'sale', 8054293, 100, 8280, 2, 1, '2018-03-22 19:01:42', '2018-03-23 02:36:31', NULL),
(388, 17240, 46160, 'finish', 'sale', 11522136, 191, 8280, 2, 1, '2018-03-22 19:04:21', '2018-03-23 02:36:55', NULL),
(389, 16840, 45900, 'finish', 'sale', 14078641, 66, 8280, 2, 1, '2018-03-22 19:04:48', '2018-03-23 02:37:41', NULL),
(390, 18300, 46880, 'finish', 'sale', 10758871, 192, 8280, 2, 1, '2018-03-22 19:09:18', '2018-03-23 02:38:43', NULL),
(391, 17520, 46160, 'finish', 'sale', 7096978, 65, 8280, 2, 1, '2018-03-22 19:52:35', '2018-03-23 18:42:55', NULL),
(392, 18080, 39640, 'finish', 'sale', 10851832, 193, 898740, 2, 1, '2018-03-22 20:34:15', '2018-03-22 20:34:31', NULL),
(393, 37016, 20540, 'finish', 'purchase', 10047363, 194, 12345, 2, 4, '2018-03-22 23:42:44', '2018-03-23 01:21:52', NULL),
(394, 17600, 48220, 'finish', 'sale', 11114987, 68, 314012657, 2, 1, '2018-04-03 20:38:02', '2018-04-04 00:43:06', NULL),
(395, 19020, 36720, 'finish', 'sale', 12116159, 188, 305787760, 2, 2, '2018-04-04 17:20:25', '2018-04-04 20:50:35', NULL),
(396, 3640, 3640, 'finish', 'sale', 8262585, 187, 305787760, 2, 2, '2018-04-04 17:20:55', '2018-04-04 20:11:10', NULL),
(397, 16920, 35060, 'finish', 'sale', 10824288, 195, 898740, 2, 1, '2018-04-04 19:34:37', '2018-04-04 23:26:43', NULL),
(398, 40760, 39160, 'finish', 'purchase', 11363993, 196, 54321, 2, 5, '2018-04-04 20:07:19', '2018-04-04 21:01:33', NULL),
(399, 16980, 0, 'transit', 'sale', 14381033, 198, 8280, 2, 1, '2018-04-05 19:39:26', '2018-04-05 19:39:26', NULL),
(400, 17320, 0, 'transit', 'sale', 11687398, 197, 8280, 2, 1, '2018-04-05 19:41:22', '2018-04-05 19:41:22', NULL),
(401, 16700, 0, 'transit', 'sale', 14597121, 199, 8280, 2, 1, '2018-04-05 19:42:00', '2018-04-05 19:42:00', NULL);

-- --------------------------------------------------------

--
-- Estructura de tabla para la tabla `users`
--

CREATE TABLE `users` (
  `id` int(10) UNSIGNED NOT NULL,
  `name` varchar(255) COLLATE utf8mb4_unicode_ci NOT NULL,
  `email` varchar(255) COLLATE utf8mb4_unicode_ci NOT NULL,
  `password` varchar(255) COLLATE utf8mb4_unicode_ci NOT NULL,
  `role` enum('admin','editor') COLLATE utf8mb4_unicode_ci NOT NULL,
  `remember_token` varchar(100) COLLATE utf8mb4_unicode_ci DEFAULT NULL,
  `created_at` timestamp NULL DEFAULT NULL,
  `updated_at` timestamp NULL DEFAULT NULL
) ENGINE=InnoDB DEFAULT CHARSET=utf8mb4 COLLATE=utf8mb4_unicode_ci;

--
-- Volcado de datos para la tabla `users`
--

INSERT INTO `users` (`id`, `name`, `email`, `password`, `role`, `remember_token`, `created_at`, `updated_at`) VALUES
(1, 'Abiezer Sifontes', 'asifontes@cabelum.com.ve', '$2y$10$O3FXWn.HBxw6THslhyNiqusA/JaSPvVF.VWBj7WbGhyUyHsMiAGfm', 'admin', 'Es4NICD6m4nIYKZlnAsrP2QX2gLH6VVcWLVPJyh5atwX4RtyvbBfjyDqzveY', NULL, NULL),
(2, 'Karla Castro', 'kcastro@cabelum.com.ve', '$2y$10$taubDH.88Png7xWurOBWeemChaC/vLH/c5DWqf9FqnwvfUxiCNIcG', 'editor', 'yUNjOblJVaEx6q6S0YOtykkxbHGYJufczoq7Wyf5cjHFWLpaGeCdHn8Bfx8P', NULL, NULL),
(3, 'Brenda Sifontes', 'brendasifontes1@gmail.com', '$2y$10$e.UbEe4mqQL.HQ1hhhUR8.FWCPV4znU/QNn//f5cWUgC3nAu4xdMq', 'editor', 'S6jfb1XCwF8YavxSfwJaPy9qSaSLoboK4yKEP2Gxp78j966hCASsE3aYeYzy', NULL, NULL),
(4, 'Leacsy Sanchez', 'leacsy.sanchez@hotmail.com', '$2y$10$38GaqtHfe5JdHkmkbyFMD.SsDr6ITMFesilffuoSi48mAirc/TAGC', 'editor', NULL, NULL, NULL);

-- --------------------------------------------------------

--
-- Estructura de tabla para la tabla `vehicles`
--

CREATE TABLE `vehicles` (
  `id` int(10) UNSIGNED NOT NULL,
  `number_plate` varchar(30) COLLATE utf8mb4_unicode_ci NOT NULL,
  `brand` varchar(255) COLLATE utf8mb4_unicode_ci NOT NULL,
  `model` varchar(255) COLLATE utf8mb4_unicode_ci NOT NULL,
  `created_at` timestamp NULL DEFAULT NULL,
  `updated_at` timestamp NULL DEFAULT NULL,
  `deleted_at` timestamp NULL DEFAULT NULL
) ENGINE=InnoDB DEFAULT CHARSET=utf8mb4 COLLATE=utf8mb4_unicode_ci;

--
-- Volcado de datos para la tabla `vehicles`
--

INSERT INTO `vehicles` (`id`, `number_plate`, `brand`, `model`, `created_at`, `updated_at`, `deleted_at`) VALUES
(1, 'A46AJ1F', 'MACK', 'CARGO', '2017-03-16 21:45:52', '2017-03-16 21:45:52', NULL),
(2, 'A74AG1F', 'FORD', '350', '2017-03-16 23:54:55', '2017-03-16 23:54:55', NULL),
(3, '020CV8K', 'MACK', 'GANDOLA', '2017-03-21 04:32:24', '2017-03-21 04:32:24', NULL),
(4, '26CDAH', 'MACK', 'GANDOLA', '2017-03-21 04:43:00', '2017-03-21 04:43:00', NULL),
(5, 'A82AD4L', 'FORD', 'CAMION', '2017-03-21 21:25:27', '2017-03-21 21:25:27', NULL),
(6, 'A19AS3I', 'IVECO', 'STRALIS-380', '2017-03-23 21:55:24', '2017-03-23 21:55:24', NULL),
(7, 'A63AN7G', 'CHEVROLET', 'CAMION 600', '2017-04-06 23:54:51', '2017-04-06 23:54:51', NULL),
(8, '52YMBA', 'TOYOTA', 'CAMION 350', '2017-04-06 23:55:13', '2017-04-06 23:55:13', NULL),
(9, '80TMBC', 'MACK', 'GANDOLA', '2017-04-06 23:56:14', '2017-04-06 23:56:14', NULL),
(10, 'A74AF3A', 'FREIGHLINER', 'GANDOLA', '2017-04-06 23:57:25', '2017-04-06 23:57:25', NULL),
(11, '17FSAP', 'FREIGHLINER', 'GANDOLA', '2017-04-06 23:58:02', '2017-04-06 23:58:02', NULL),
(12, '19ZDBA', 'FREIGHLINER', 'GANDOLA', '2017-04-07 04:15:31', '2017-04-07 04:15:31', NULL),
(13, '538FAL', 'MACK', 'GANDOLA', '2017-04-08 03:22:28', '2017-04-08 03:22:28', NULL),
(14, 'A65BG6F', 'MACK', 'GANDOLA', '2017-04-08 03:22:49', '2017-04-08 03:22:49', NULL),
(15, 'A72CR7M', 'MACK', 'GANDOLA', '2017-04-08 03:23:15', '2017-04-08 03:23:15', NULL),
(16, 'A24CD6G', 'MACK', 'GANDOLA', '2017-04-08 03:23:35', '2017-04-08 03:23:35', NULL),
(17, 'NO', 'SINATROX', 'SISTERNA', '2017-04-08 03:43:51', '2017-04-08 03:43:51', NULL),
(18, 'A20ECA', 'MACK', 'GANDOLA', '2017-04-08 03:49:45', '2017-04-08 03:49:45', NULL),
(19, 'A65PG6T', 'MAC', 'GANDOLA', '2017-04-08 03:50:15', '2017-04-08 03:50:15', NULL),
(20, '53XFAL', 'MACK', 'GANDOLA', '2017-04-08 03:50:34', '2017-04-08 03:50:34', NULL),
(21, 'A95B82F', 'MACK', 'GANDOLA', '2017-04-08 03:50:53', '2017-04-08 03:50:53', NULL),
(22, 'A95BB2F', 'MAC', 'GANDOLA', '2017-04-08 04:06:09', '2017-04-08 04:06:09', NULL),
(23, 'A54B67M', 'MACK', 'GANDOLA', '2017-04-08 04:26:45', '2017-04-08 04:26:45', NULL),
(24, 'A46CAOA', 'MACK', 'GANDOLA', '2017-04-08 04:31:36', '2017-04-08 04:31:36', NULL),
(25, '68USAP', 'MACK', 'GANDOLA', '2017-04-21 22:01:31', '2017-04-21 22:01:31', NULL),
(26, '68VSAP', 'MACK', 'GANDOLA', '2017-04-21 23:12:47', '2017-04-21 23:12:47', NULL),
(27, 'A54BU7M', 'MACK', 'GANDOLA', '2017-04-21 23:43:30', '2017-04-21 23:43:30', NULL),
(28, 'A20EA64', 'MACK', 'GANDOLA', '2017-04-22 00:15:44', '2017-04-22 00:15:44', NULL),
(29, 'A95BD2F', 'MACK', 'GANDOLA', '2017-04-22 00:18:55', '2017-04-22 00:18:55', NULL),
(30, '80VAAA', '350', 'CAMION', '2017-04-22 00:38:31', '2017-04-22 00:38:31', NULL),
(31, 'A71BF2A', 'MACK', 'GANDOLA', '2017-04-25 22:17:15', '2017-04-25 22:17:15', NULL),
(32, 'A14AC3C', 'MACK', 'GANDOLA', '2017-04-25 22:55:41', '2017-04-25 22:55:41', NULL),
(33, 'A89B02D', 'MACK', 'GANDOLA', '2017-04-27 20:11:27', '2017-04-27 20:11:27', NULL),
(34, '18ADAV', 'MACK', 'GANDOLA', '2017-04-27 20:14:05', '2017-04-27 20:14:05', NULL),
(35, '88UDAY', 'MACK', 'GANDOLA', '2017-04-27 20:18:06', '2017-04-27 20:18:06', NULL),
(36, 'A03DP2A', 'MACK', 'GANDOLA', '2017-04-28 16:09:36', '2017-04-28 16:09:36', NULL),
(37, '070ADGE', 'FORD', 'CAMION', '2017-04-28 19:54:16', '2017-04-28 19:54:16', NULL),
(38, 'A70ADGE', 'FORD', 'CAMION', '2017-04-28 19:55:41', '2017-04-28 19:55:41', NULL),
(39, 'A05CE4M', 'FORD', 'CAMION', '2017-04-28 20:00:19', '2017-04-28 20:00:19', NULL),
(40, 'A41AK01', 'MACK', 'GANDOLA', '2017-05-02 16:24:16', '2017-05-02 16:24:16', NULL),
(41, '630OAD', 'MACK', 'GANDOLA', '2017-05-02 16:25:17', '2017-05-02 16:25:17', NULL),
(42, 'D50588', 'SINOTRUK', '2013 GANDOLA', '2017-05-08 23:13:25', '2017-05-08 23:13:25', NULL),
(43, 'A26CS9K', 'MACK', 'GANDOLA', '2017-05-10 19:28:18', '2017-05-10 19:28:18', NULL),
(44, 'A85CM41', 'MACK', 'GANDOLA', '2017-05-11 16:43:05', '2017-05-11 16:43:05', NULL),
(45, 'A12A23D', 'MACK', 'GANDOLA', '2017-05-15 22:54:38', '2017-05-15 22:54:38', NULL),
(46, 'A98AM46', 'CHEVROLET FVP', 'CAMION', '2017-05-16 23:12:59', '2017-05-16 23:12:59', NULL),
(47, 'A70AU2B', 'DINA', 'CAMION', '2017-05-16 23:13:39', '2017-05-16 23:13:39', NULL),
(48, '453XTT', 'MACK', 'GANDOLA', '2017-05-18 18:09:37', '2017-05-18 18:09:37', NULL),
(49, 'A56AL2U', 'MACK', 'GANDOLA', '2017-05-18 18:10:08', '2017-05-18 18:10:08', NULL),
(50, 'A78CNBM', 'MACK', 'GANDOLA', '2017-05-18 18:10:28', '2017-05-18 18:10:28', NULL),
(51, 'A06BJ7D', 'MACK', 'GANDOLA', '2017-05-19 18:48:16', '2017-05-19 18:48:16', NULL),
(52, 'A87AROS', 'MACK', 'GANDOLA', '2017-05-19 18:50:31', '2017-05-19 18:50:31', NULL),
(53, 'A68BD2K', 'MACK', 'GANDOLA', '2017-05-19 18:51:10', '2017-05-19 18:51:10', NULL),
(54, 'A68CN1G', 'MACK', 'GANDOLA', '2017-05-19 18:51:50', '2017-05-19 18:51:50', NULL),
(55, 'A07AU6J', 'MACK', 'GANDOLA', '2017-05-19 18:52:23', '2017-05-19 18:52:23', NULL),
(56, 'A35AS6J', 'MACK', 'GANDOLA', '2017-05-19 18:52:50', '2017-05-19 18:52:50', NULL),
(57, '17P-DAZ', 'MACK', 'GANDOLA', '2017-05-19 18:53:25', '2017-05-19 18:53:25', NULL),
(58, 'A39AA1D', 'MACK', 'GANDOLA', '2017-05-29 19:47:59', '2017-05-29 19:47:59', NULL),
(59, 'A03CX7M', 'MACK', 'GANDOLA', '2017-05-29 20:15:56', '2017-05-29 20:15:56', NULL),
(60, 'A19BM2D', 'MACK', 'GANDOLA', '2017-05-29 20:21:43', '2017-05-29 20:21:43', NULL),
(61, 'A83AY4D', 'MACK', 'GANDOLA', '2017-05-29 21:06:19', '2017-05-29 21:06:19', NULL),
(62, 'A65BB1D', 'MACK', 'GANDOLA', '2017-05-30 21:24:38', '2017-05-30 21:24:38', NULL),
(63, 'A77AM2E', 'MACK', 'GANDOLA', '2017-05-31 23:37:15', '2017-05-31 23:37:15', NULL),
(64, 'A01DA3M', 'MACK', 'GANDOLA', '2017-05-31 23:40:00', '2017-05-31 23:40:00', NULL),
(65, 'A65BB2D', 'MACK', 'GANDOLA', '2017-05-31 23:42:11', '2017-05-31 23:42:11', NULL),
(66, 'A07AB4D', 'MACK', 'GANDOLA', '2017-05-31 23:44:27', '2017-05-31 23:44:27', NULL),
(67, 'A88AR2S', 'MACK', 'GANDOLA', '2017-05-31 23:49:44', '2017-05-31 23:49:44', NULL),
(68, 'A19AR9S', 'MACK', 'GANDOLA', '2017-06-01 00:08:52', '2017-06-01 00:08:52', NULL),
(69, 'A20EA6A', 'MACK', 'GANDOLA', '2017-06-01 00:19:13', '2017-06-01 00:19:13', NULL),
(70, 'A43BF9G', 'CHEVROLEC', 'CAMION CISTERNA', '2017-06-05 18:47:13', '2017-06-05 18:47:13', NULL),
(71, '33DSAL', 'MACK', 'GANDOLA', '2017-06-06 16:27:53', '2017-06-06 16:27:53', NULL),
(72, '519673', 'MAC', 'GANDOLA', '2017-06-06 23:57:27', '2017-06-06 23:57:27', NULL),
(73, 'A13A08D', 'MACK', 'GANDOLA', '2017-06-07 20:30:52', '2017-06-07 20:30:52', NULL),
(74, 'SINPLACA', 'MACK', 'CISTERNA', '2017-06-07 20:45:21', '2017-06-07 20:45:21', NULL),
(75, 'A54AN2F', 'MACK', 'GANDOLA', '2017-06-09 19:11:00', '2017-06-09 19:11:00', NULL),
(76, 'A40AA0X', 'MACK', 'GANDOLA', '2017-06-09 19:36:02', '2017-06-09 19:36:02', NULL),
(77, 'A67AP5C', 'MACK', 'GANDOLA', '2017-06-13 01:02:06', '2017-06-13 01:02:06', NULL),
(78, 'AI4EG75', 'IVECO', 'GANDOLA', '2017-06-13 01:09:01', '2017-06-13 01:09:01', NULL),
(79, 'A55CF1A', 'TRITON', 'CAMION', '2017-06-20 19:42:10', '2017-06-20 19:42:10', NULL),
(80, 'A19CD9K', 'MACK', 'GANDOLA', '2017-06-22 20:05:50', '2017-06-22 20:05:50', NULL),
(81, 'A16AH9F', 'FORD', 'CAMION', '2017-06-22 20:44:34', '2017-06-22 20:44:34', NULL),
(82, 'A51AA0D', 'MACK', 'GANDOLA', '2017-06-23 00:52:36', '2017-06-23 00:52:36', NULL),
(83, 'A04D58G', 'MACK', 'GANDOLA', '2017-06-23 00:55:03', '2017-06-23 00:55:03', NULL),
(84, 'A12AD3F', 'FORD 7000', 'GANDOLA', '2017-06-28 20:29:53', '2017-06-28 20:30:37', NULL),
(85, 'A10CG95', 'FINOTRUK', 'GANDOLA', '2017-06-28 23:05:49', '2017-06-28 23:05:49', NULL),
(86, '10RBAE', 'MACK', 'GANDOLA', '2017-06-29 18:53:37', '2017-06-29 18:53:37', NULL),
(87, 'A75AH8M', 'MACK', 'GANDOLA', '2017-06-29 19:11:01', '2017-06-29 19:11:01', NULL),
(88, 'A35AP8N', 'MACK', 'GANDOLA', '2017-06-29 19:20:43', '2017-06-29 19:20:43', NULL),
(89, 'A92AA7X', 'MACK', 'GANDOLA', '2017-06-29 19:24:02', '2017-06-29 19:24:02', NULL),
(90, '73V-FAN', 'MAKC', 'GANDOLA', '2017-06-29 19:30:29', '2017-06-29 19:30:29', NULL),
(91, 'A58AL3H', 'MACK', 'GANDOLA', '2017-06-29 21:12:00', '2017-06-29 21:12:00', NULL),
(92, 'A24AI40', 'MACK', 'GANDOLA', '2017-06-30 19:25:45', '2017-06-30 19:25:45', NULL),
(93, 'A97BY3D', 'MACK', 'GANDOLA', '2017-07-01 00:06:34', '2017-07-01 00:06:34', NULL),
(94, 'A63BX2A', 'MACK', 'GANDOLA', '2017-07-04 18:16:46', '2017-07-04 18:16:46', NULL),
(95, 'A68DI6K', 'MACK', 'GANDOLA', '2017-07-04 18:45:29', '2017-07-04 18:45:29', NULL),
(96, '85B-DAX', 'MACK', 'GANDOLA', '2017-07-04 18:57:02', '2017-07-04 18:57:02', NULL),
(97, 'A62A02E', 'MACK', 'GANDOLA', '2017-07-04 19:01:25', '2017-07-04 19:01:25', NULL),
(98, '519713', 'MACK', 'GANDOLA', '2017-07-04 19:42:48', '2017-07-04 19:42:48', NULL),
(99, '92027507', 'SINOTRUCK', 'CISTERNA', '2017-07-04 22:56:24', '2017-07-04 22:56:24', NULL),
(100, 'A54AM1E', 'MACK', 'GANDOLA', '2017-07-07 20:28:50', '2017-07-07 20:28:50', NULL),
(101, 'A70AD6E', 'FORD', 'CAMION', '2017-07-10 22:38:41', '2017-07-10 22:38:41', NULL),
(102, 'D2002259', 'MACK', 'CISTERNA', '2017-07-10 23:08:50', '2017-07-10 23:08:50', NULL),
(103, 'A72AR0H', 'MACK', 'GANDOLA', '2017-07-10 23:15:14', '2017-07-10 23:15:14', NULL),
(104, 'A19AO9J', 'MACK', 'GANDOLA', '2017-07-21 08:39:27', '2017-07-21 08:39:27', NULL),
(105, 'A2027507', 'MACK', 'CISTERNA', '2017-07-25 23:04:38', '2017-07-25 23:04:38', NULL),
(106, '28CJAG', 'MACK', 'GANDOLA', '2017-07-27 00:31:03', '2017-07-27 00:31:03', NULL),
(107, 'A24CDCG', 'MACK', 'GANDOLA', '2017-07-27 00:32:17', '2017-07-27 00:32:17', NULL),
(108, '202JAG', 'MACK', 'GANDOLA', '2017-07-28 22:00:06', '2017-07-28 22:00:06', NULL),
(109, 'A48AE7S', 'MACK', 'GANDOLA', '2017-07-31 21:14:13', '2017-07-31 21:14:13', NULL),
(110, '519-310', 'MACK', 'GANDOLA', '2017-07-31 21:14:34', '2017-07-31 21:14:34', NULL),
(111, 'A05AU3E', 'MACK', 'GANDOLA', '2017-07-31 21:15:04', '2017-07-31 21:15:04', NULL),
(112, 'A43B79G', 'MACK', 'CISTERNA', '2017-08-01 20:35:11', '2017-08-01 20:39:02', '2017-08-01 20:39:02'),
(113, 'A80DE4K', 'MACK', 'GANDOLA', '2017-08-02 21:16:38', '2017-08-03 00:59:30', NULL),
(114, 'A87AW6D', 'MACK', 'GANDOLA', '2017-08-02 21:17:17', '2017-08-02 21:17:17', NULL),
(115, 'A61AA6D', 'MACK', 'GANDOLA', '2017-08-02 21:17:58', '2017-08-02 21:17:58', NULL),
(116, 'A12AZ3D', 'MACK', 'GANDOLA', '2017-08-02 21:18:27', '2017-08-02 21:18:27', NULL),
(117, 'A99BK6K', 'MACK', 'GANDOLA', '2017-08-03 00:01:00', '2017-08-03 00:01:00', NULL),
(118, 'A39AP2F', 'MACK', 'GANDOLA', '2017-08-03 00:02:19', '2017-08-03 00:02:19', NULL),
(119, 'A2027508', 'MACK', 'CISTERNA', '2017-08-03 00:14:38', '2017-08-03 00:14:38', NULL),
(120, 'GOXMB6', 'MACK', 'GANDOLA', '2017-08-03 16:16:23', '2017-08-03 16:16:23', NULL),
(121, 'A39AD6H', 'MACK', 'GANDOLA', '2017-08-03 18:11:02', '2017-08-03 18:16:58', NULL),
(122, 'A12BK4G', 'MACK', 'GANDOLA', '2017-08-03 18:11:51', '2017-08-03 18:11:51', NULL),
(123, 'A05DG2K', 'MACK', 'GANDOLA', '2017-08-03 18:12:23', '2017-08-03 18:12:23', NULL),
(124, '32HDAT', 'MACK', 'GANDOLA', '2017-08-03 19:49:29', '2017-08-03 19:49:29', NULL),
(125, '60XMBG', 'MACK', 'GANDOLA', '2017-08-04 23:48:27', '2017-08-04 23:48:27', NULL),
(126, 'A2027498', 'MACK', 'CISTERNA', '2017-08-07 22:48:58', '2017-08-07 22:48:58', NULL),
(127, 'A87AR0S', 'MACK', 'GANDOLA', '2017-08-09 00:08:08', '2017-08-09 00:08:08', NULL),
(128, 'A54AF7U', 'MACK', 'GANDOLA', '2017-08-10 00:53:59', '2017-08-10 00:53:59', NULL),
(129, '4RXEO', 'MACK', 'GANDOLA', '2017-08-10 16:35:58', '2017-08-10 16:35:58', NULL),
(130, '519685', 'MACK', 'GANDOLA', '2017-08-10 20:28:15', '2017-08-10 20:28:15', NULL),
(131, '00NJAC', 'MACK', 'GANDOLA', '2017-08-10 20:29:00', '2017-08-10 20:29:00', NULL),
(132, 'A38BDE0G', 'MACK', 'GANDOLA', '2017-08-10 23:25:12', '2017-08-10 23:25:12', NULL),
(133, 'D0000058', 'MACK', 'CISTERNA', '2017-08-11 18:40:43', '2017-08-11 18:40:43', NULL),
(134, 'A0SCE4M', 'MACK', 'GANDOLA', '2017-08-14 17:49:03', '2017-08-14 17:49:03', NULL),
(135, 'A12AD0F', 'MACK', 'GANDOLA', '2017-08-15 00:31:24', '2017-08-15 00:31:24', NULL),
(136, '57NGAN', 'CHEVROLEC', 'CAMION', '2017-08-15 18:24:44', '2017-08-15 20:40:58', NULL),
(137, 'A06AB7D', 'MACK', 'GANDOLA', '2017-08-15 18:25:57', '2017-08-15 18:25:57', NULL),
(138, 'A15BC3M', 'MACK', 'GANDOLA', '2017-08-17 16:27:13', '2017-08-17 16:27:13', NULL),
(139, '46320', 'MACK', 'CISTERNA', '2017-08-18 21:03:34', '2017-08-18 21:03:34', NULL),
(140, '724245', 'MACK', 'CISTERNA', '2017-08-18 21:08:35', '2017-08-18 21:08:35', NULL),
(141, '36GBAT', 'MACK', 'CAMION', '2017-08-19 00:57:07', '2017-08-19 00:57:07', NULL),
(142, 'A50CD2D', 'MACK', 'GANDOLA', '2017-08-21 21:18:25', '2017-08-21 21:18:25', NULL),
(143, 'A39CW6M', 'MACK', '0000', '2017-08-21 22:29:01', '2017-08-21 22:29:01', NULL),
(144, 'A05BV1D', 'MACK', 'GANDOLA', '2017-08-24 18:29:15', '2017-08-24 18:29:15', NULL),
(145, 'A81AN6U', 'CAMION', 'FORD 350', '2017-09-22 00:21:19', '2017-09-22 00:21:19', NULL),
(146, 'a76BK5S', 'MACK', 'GANDOLA', '2017-09-26 20:34:36', '2017-09-26 20:34:36', NULL),
(147, 'A36AJ1F', 'MACK', 'GANDOLA', '2017-09-26 20:45:54', '2017-09-26 20:45:54', NULL),
(148, 'A05AS6F', 'FREIGHTLINER', 'CAMION', '2017-09-26 21:49:51', '2017-09-26 21:49:51', NULL),
(149, '25KFAO', 'HUNDAY', 'CAMION', '2017-10-03 20:56:51', '2017-10-03 20:56:51', NULL),
(150, '17PDAZ', 'MERCEDES BENZ', 'FAILAN M2', '2017-10-05 17:25:11', '2017-10-05 17:25:11', NULL),
(151, 'A09AA75', 'MACK', 'GANDOLA', '2017-10-18 23:49:27', '2017-10-18 23:49:27', NULL),
(152, 'A79AR6G', 'MACK', 'GANDOLA', '2017-10-24 20:26:54', '2017-10-24 20:26:54', NULL),
(153, 'A64CB9S', 'MACK', 'GANDOLA', '2017-11-01 23:37:08', '2017-11-01 23:37:08', NULL),
(154, 'A96CB2G', 'FORD', 'CAMIONETA 150', '2017-11-03 23:00:23', '2017-11-03 23:00:23', NULL),
(155, 'A65AK5B', 'MACK', 'GANDOLA', '2017-11-13 20:15:33', '2017-11-13 20:15:33', NULL),
(156, 'A29BX5A', 'MACK', 'GANDOLA', '2017-11-13 20:32:04', '2017-11-13 20:32:04', NULL),
(157, 'A45CV1M', 'FORD', 'CAMION', '2017-11-14 17:05:23', '2017-11-14 17:05:23', NULL),
(158, 'A95BT4D', '350 DINA', 'CAMION', '2017-11-16 20:07:24', '2017-11-16 20:07:24', NULL),
(159, 'A60EB5A', 'MACK', 'GANDOLA', '2017-11-17 17:48:02', '2017-11-17 17:48:02', NULL),
(160, 'A59AL61', 'MACK', 'GANDOLA', '2017-11-17 17:53:52', '2017-11-17 17:53:52', NULL),
(161, '753413', 'YOUTONG', 'CISTERNA', '2017-11-22 18:06:47', '2017-11-22 18:06:47', NULL),
(162, 'G3306035', 'MACK', 'GANDOLA', '2017-11-22 23:30:49', '2017-11-22 23:30:49', NULL),
(163, '3947', 'MACK', 'AUTO CARGA', '2017-12-05 00:48:20', '2017-12-05 00:48:20', NULL),
(164, 'A24BG35', 'MACK', 'GANDOLA', '2017-12-07 20:14:03', '2017-12-07 20:14:03', NULL),
(165, 'P019405', 'MACK', 'GANDOLA', '2018-01-22 19:57:50', '2018-01-22 19:57:50', NULL),
(166, 'P168164', 'MACK', 'GANDOLA', '2018-01-22 19:58:09', '2018-01-22 19:58:09', NULL),
(167, 'P3884517', 'MACK', 'GANDOLA', '2018-01-23 00:26:50', '2018-01-23 00:26:50', NULL),
(168, 'A64CB85', 'MACK', 'GANDOLA', '2018-01-23 17:05:30', '2018-01-23 17:05:30', NULL),
(169, 'A99BK3D', 'MACK', 'GANDOLA', '2018-01-25 21:20:16', '2018-01-25 21:20:16', NULL),
(170, 'A00AW3J', 'MACK', 'GANDOLA', '2018-01-26 20:53:49', '2018-01-26 20:53:49', NULL),
(171, 'A24AD5H', 'MACK', 'GANDOLA', '2018-02-05 19:26:48', '2018-02-05 19:26:48', NULL),
(172, 'A58AT7H', 'MACK', 'GANDOLA', '2018-02-05 19:47:00', '2018-02-05 19:47:00', NULL),
(173, 'A93BH3D', 'MACK GRANITE', 'GANDOLA', '2018-02-07 19:50:21', '2018-02-07 19:50:21', NULL),
(174, 'A90DH9G', 'KODIAK 750', 'CAMION', '2018-02-07 23:04:20', '2018-02-07 23:04:45', NULL),
(175, '12VBAS', 'MACK', 'GANDOLA', '2018-02-23 17:45:27', '2018-02-23 17:45:27', NULL),
(176, 'A97AN3D', 'MACK', 'GANDOLA', '2018-02-27 21:25:07', '2018-02-27 21:25:07', NULL),
(177, 'AOYTS462', 'IVECO', 'CISTERNA', '2018-02-27 21:32:26', '2018-02-27 21:32:26', NULL),
(178, '518454', 'INTERNACIONAL', 'GANDOLA', '2018-03-01 18:13:38', '2018-03-01 18:13:38', NULL),
(179, 'A01AWOJ', 'SCANIA', 'GANDOLA', '2018-03-01 18:16:43', '2018-03-01 18:16:43', NULL),
(180, 'P-518449', 'MACK', 'GANDOLA', '2018-03-01 18:18:42', '2018-03-01 18:18:42', NULL),
(181, 'A97AM1K', 'MACK', 'GANDOLA', '2018-03-01 18:22:03', '2018-03-01 18:22:03', NULL),
(182, 'A2N27498', 'MACK', 'GANDOLA', '2018-03-06 18:26:26', '2018-03-06 18:26:26', NULL),
(183, '71WDBA', 'MACK', 'CISTERNA', '2018-03-07 22:00:35', '2018-03-07 22:00:35', NULL),
(184, 'A99AG20', 'IVECO', 'GANDOLA', '2018-03-08 19:52:04', '2018-03-08 19:52:04', NULL),
(185, 'A02CJ4S', 'MACK', 'GANDOLA', '2018-03-09 00:25:30', '2018-03-09 00:25:30', NULL),
(186, 'A2027483', 'MACK GRANITE', 'CISTERNA', '2018-03-12 18:18:37', '2018-03-12 18:18:37', NULL),
(187, 'A33CU9A', 'CAMION', 'DYNAN', '2018-03-14 19:47:19', '2018-03-14 19:47:19', NULL),
(188, 'A78BF3D', 'MACK', 'GANDOLA', '2018-03-14 19:47:39', '2018-03-14 19:47:39', NULL),
(189, 'A24BEOP', 'JAC', 'CISTERNA', '2018-03-15 21:11:55', '2018-03-15 21:11:55', NULL),
(190, 'A75BD1G', 'MACK', 'GANDOLA', '2018-03-21 23:24:54', '2018-03-21 23:24:54', NULL),
(191, 'A97BD8G', 'MACK', 'GANDOLA', '2018-03-22 19:02:48', '2018-03-22 19:02:48', NULL),
(192, 'A45AX7E', 'MACK', 'GANDOLA', '2018-03-22 19:08:16', '2018-03-22 19:08:16', NULL),
(193, 'A92AF9D', 'MACK', 'GANDOLA', '2018-03-22 20:32:48', '2018-03-22 20:32:48', NULL),
(194, 'B2004341', 'MACK', 'CISTERNA', '2018-03-22 23:41:26', '2018-03-22 23:41:26', NULL),
(195, 'A70BT2M', 'MACK', 'GANDOLA', '2018-04-04 19:33:53', '2018-04-04 19:33:53', NULL),
(196, 'A24BGOP', 'MACK', 'CISTERNA', '2018-04-04 20:06:26', '2018-04-04 20:06:26', NULL),
(197, '78VMBI', 'MACK', 'GANDOLA', '2018-04-05 19:38:18', '2018-04-05 19:38:18', NULL),
(198, 'A57AX2E', 'MACK', 'GANDOLA', '2018-04-05 19:38:33', '2018-04-05 19:38:33', NULL),
(199, '22BMBI', 'MACK', 'GANDOLA', '2018-04-05 19:38:46', '2018-04-05 19:38:46', NULL);

--
-- Índices para tablas volcadas
--

--
-- Indices de la tabla `beneficiarys`
--
ALTER TABLE `beneficiarys`
  ADD PRIMARY KEY (`rif`),
  ADD UNIQUE KEY `beneficiarys_rif_unique` (`rif`);

--
-- Indices de la tabla `drivers`
--
ALTER TABLE `drivers`
  ADD PRIMARY KEY (`rif`),
  ADD UNIQUE KEY `drivers_rif_unique` (`rif`);

--
-- Indices de la tabla `migrations`
--
ALTER TABLE `migrations`
  ADD PRIMARY KEY (`id`);

--
-- Indices de la tabla `products`
--
ALTER TABLE `products`
  ADD PRIMARY KEY (`id`);

--
-- Indices de la tabla `transactions`
--
ALTER TABLE `transactions`
  ADD PRIMARY KEY (`id`),
  ADD KEY `transactions_driver_rif_foreign` (`driver_rif`),
  ADD KEY `transactions_vehicle_id_foreign` (`vehicle_id`),
  ADD KEY `transactions_beneficiary_rif_foreign` (`beneficiary_rif`),
  ADD KEY `transactions_users_id_foreign` (`users_id`),
  ADD KEY `transactions_product_id_foreign` (`product_id`);

--
-- Indices de la tabla `users`
--
ALTER TABLE `users`
  ADD PRIMARY KEY (`id`);

--
-- Indices de la tabla `vehicles`
--
ALTER TABLE `vehicles`
  ADD PRIMARY KEY (`id`);

--
-- AUTO_INCREMENT de las tablas volcadas
--

--
-- AUTO_INCREMENT de la tabla `migrations`
--
ALTER TABLE `migrations`
  MODIFY `id` int(10) UNSIGNED NOT NULL AUTO_INCREMENT, AUTO_INCREMENT=8;
--
-- AUTO_INCREMENT de la tabla `products`
--
ALTER TABLE `products`
  MODIFY `id` int(10) UNSIGNED NOT NULL AUTO_INCREMENT, AUTO_INCREMENT=18;
--
-- AUTO_INCREMENT de la tabla `transactions`
--
ALTER TABLE `transactions`
  MODIFY `id` int(10) UNSIGNED NOT NULL AUTO_INCREMENT, AUTO_INCREMENT=402;
--
-- AUTO_INCREMENT de la tabla `users`
--
ALTER TABLE `users`
  MODIFY `id` int(10) UNSIGNED NOT NULL AUTO_INCREMENT, AUTO_INCREMENT=5;
--
-- AUTO_INCREMENT de la tabla `vehicles`
--
ALTER TABLE `vehicles`
  MODIFY `id` int(10) UNSIGNED NOT NULL AUTO_INCREMENT, AUTO_INCREMENT=200;
--
-- Restricciones para tablas volcadas
--

--
-- Filtros para la tabla `transactions`
--
ALTER TABLE `transactions`
  ADD CONSTRAINT `transactions_beneficiary_rif_foreign` FOREIGN KEY (`beneficiary_rif`) REFERENCES `beneficiarys` (`rif`),
  ADD CONSTRAINT `transactions_driver_rif_foreign` FOREIGN KEY (`driver_rif`) REFERENCES `drivers` (`rif`),
  ADD CONSTRAINT `transactions_product_id_foreign` FOREIGN KEY (`product_id`) REFERENCES `products` (`id`),
  ADD CONSTRAINT `transactions_users_id_foreign` FOREIGN KEY (`users_id`) REFERENCES `users` (`id`),
  ADD CONSTRAINT `transactions_vehicle_id_foreign` FOREIGN KEY (`vehicle_id`) REFERENCES `vehicles` (`id`);

/*!40101 SET CHARACTER_SET_CLIENT=@OLD_CHARACTER_SET_CLIENT */;
/*!40101 SET CHARACTER_SET_RESULTS=@OLD_CHARACTER_SET_RESULTS */;
/*!40101 SET COLLATION_CONNECTION=@OLD_COLLATION_CONNECTION */;
